Date,price,log_return,volatility,state,regime,split
2021-09-16,4473.75,-0.0015523447127652,0.0047419098387039,0,Bull,train
2021-09-17,4432.990234375,-0.009152630275798,0.0051301974713382,0,Bull,train
2021-09-20,4357.72998046875,-0.0171230777263815,0.0068632904746679,0,Bull,train
2021-09-21,4354.18994140625,-0.0008126886585468,0.0069366741679575,0,Bull,train
2021-09-22,4395.64013671875,0.0094745852242184,0.0080975229369327,0,Bull,train
2021-09-23,4448.97998046875,0.0120616803699373,0.0092806115767816,0,Bull,train
2021-09-24,4455.47998046875,0.0014599428113637,0.0089874337479074,0,Bull,train
2021-09-27,4443.10986328125,-0.0027802439201884,0.0089831156436252,0,Bull,train
2021-09-28,4352.6298828125,-0.0205743177398929,0.010941188565563,0,Bull,train
2021-09-29,4359.4599609375,0.0015679543362843,0.0104118951313172,0,Bull,train
2021-09-30,4307.5400390625,-0.0119812029450159,0.0107946297804825,0,Bull,train
2021-10-01,4357.0400390625,0.0114259521133348,0.011590087930215,0,Bull,train
2021-10-04,4300.4599609375,-0.0130709520486433,0.0110503120240915,0,Bull,train
2021-10-05,4345.72021484375,0.0104695174986009,0.0116669390212907,0,Bull,train
2021-10-06,4363.5498046875,0.0040943993496238,0.0112894432541981,0,Bull,train
2021-10-07,4399.759765625,0.0082640392250663,0.0108672111085968,0,Bull,train
2021-10-08,4391.33984375,-0.0019155566024213,0.0108307924899193,0,Bull,train
2021-10-11,4361.18994140625,-0.0068894416443399,0.0109640000912165,0,Bull,train
2021-10-12,4350.64990234375,-0.0024197056865542,0.0088131666504047,0,Bull,train
2021-10-13,4363.7998046875,0.0030179558702307,0.0088544931039818,0,Bull,train
2021-10-14,4438.259765625,0.0169191622857116,0.0091836385201424,0,Bull,train
2021-10-15,4471.3701171875,0.0074325206371899,0.0088570449213303,0,Bull,train
2021-10-18,4486.4599609375,0.0033690878018042,0.0069468849556488,0,Bull,train
2021-10-19,4519.6298828125,0.0073661427842353,0.0067024014760719,0,Bull,train
2021-10-20,4536.18994140625,0.0036573335985607,0.0067025908777902,0,Bull,train
2021-10-21,4549.77978515625,0.0029913931683598,0.0065244317330735,0,Bull,train
2021-10-22,4544.89990234375,-0.0010731292246628,0.0064539052299424,0,Bull,train
2021-10-25,4566.47998046875,0.0047369594408532,0.0053376039498643,0,Bull,train
2021-10-26,4574.7900390625,0.0018181414322437,0.0048657374633582,0,Bull,train
2021-10-27,4551.68017578125,-0.0050643703711052,0.0058146371722261,0,Bull,train
2021-10-28,4596.419921875,0.0097812884241843,0.0043306091395304,0,Bull,train
2021-10-29,4605.3798828125,0.0019474372317169,0.004119621839166,0,Bull,train
2021-11-01,4613.669921875,0.0017984589459025,0.0041319190412057,0,Bull,train
2021-11-02,4630.64990234375,0.0036736071203886,0.0038322469102067,0,Bull,train
2021-11-03,4660.56982421875,0.0064404946128888,0.0040276333053133,0,Bull,train
2021-11-04,4680.06005859375,0.0041732223428176,0.0040542212266688,0,Bull,train
2021-11-05,4697.52978515625,0.003725850045285,0.0038189681231733,0,Bull,train
2021-11-08,4701.7001953125,0.000887394060701,0.0038522503287096,0,Bull,train
2021-11-09,4685.25,-0.0035049109263987,0.0043559757538716,0,Bull,train
2021-11-10,4646.7099609375,-0.0082598421638611,0.0050285250627881,0,Bull,train
2021-11-11,4649.27001953125,0.0005507883329887,0.0042404152604877,0,Bull,train
2021-11-12,4682.85009765625,0.0071966975641295,0.0046556075096364,0,Bull,train
2021-11-15,4682.7998046875,-1.0739878016252646e-05,0.004685042349761,0,Bull,train
2021-11-16,4700.89990234375,0.0038577790571263,0.0046949435299299,0,Bull,train
2021-11-17,4688.669921875,-0.0026050154828958,0.0045061147149634,0,Bull,train
2021-11-18,4704.5400390625,0.0033790647401712,0.0044427172024345,0,Bull,train
2021-11-19,4697.9599609375,-0.0013996446049873,0.0043261172005251,0,Bull,train
2021-11-22,4682.93994140625,-0.0032022583169606,0.0044260212030925,0,Bull,train
2021-11-23,4690.7001953125,0.0016557613831942,0.0043234171462136,0,Bull,train
2021-11-24,4701.4599609375,0.0022912237766679,0.0031914177078643,0,Bull,train
2021-11-26,4594.6201171875,-0.0229870111593211,0.0082966229848292,0,Bull,train
2021-11-29,4655.27001953125,0.0131138360828231,0.0091297899636895,0,Bull,train
2021-11-30,4567.0,-0.0191433811878489,0.0108394208299072,0,Bull,train
2021-12-01,4513.0400390625,-0.011885541457957,0.0109554369259989,0,Bull,train
2021-12-02,4577.10009765625,0.0140946383960578,0.0123845403183326,0,Bull,train
2021-12-03,4538.43017578125,-0.0084844551417386,0.012336677786313,0,Bull,train
2021-12-06,4591.669921875,0.0116625993096857,0.0132524497666949,0,Bull,train
2021-12-07,4686.75,0.0204956031862533,0.0150656578272776,0,Bull,train
2021-12-08,4701.2099609375,0.0030805355865854,0.0150889209590455,0,Bull,train
2021-12-09,4667.4501953125,-0.0072069882325234,0.0152424869688074,0,Bull,train
2021-12-10,4712.02001953125,0.0095037691182096,0.0133105314558473,0,Bull,train
2021-12-13,4668.97021484375,-0.0091781583427934,0.0132060296399976,0,Bull,train
2021-12-14,4634.08984375,-0.0074987228546241,0.0117329124735218,0,Bull,train
2021-12-15,4709.85009765625,0.0162162673518917,0.0115456479265721,0,Bull,train
2021-12-16,4668.669921875,-0.0087818633111123,0.0116482894904898,0,Bull,train
2021-12-17,4620.64013671875,-0.0103409645840546,0.0118467234329542,0,Bull,train
2021-12-20,4568.02001953125,-0.0114533983232565,0.011962111090383,0,Bull,train
2021-12-21,4649.22998046875,0.0176217553851962,0.0114236181471962,0,Bull,train
2021-12-22,4696.56005859375,0.0101287280291266,0.0118975046025029,0,Bull,train
2021-12-23,4725.7900390625,0.0062044126852516,0.0117623568655284,0,Bull,train
2021-12-27,4791.18994140625,0.0137440515736066,0.012162886483576,0,Bull,train
2021-12-28,4786.35009765625,-0.001010665398887,0.0116156828810097,0,Bull,train
2021-12-29,4793.06005859375,0.0014009134018575,0.0110952105674555,0,Bull,train
2021-12-30,4778.72998046875,-0.0029942338419051,0.0102557201409495,0,Bull,train
2021-12-31,4766.18017578125,-0.0026296343734735,0.0097454405580795,0,Bull,train
2022-01-03,4796.56005859375,0.0063538241703877,0.0087642389770996,0,Bull,train
2022-01-04,4793.5400390625,-0.0006298202522039,0.0072105022954942,0,Bull,train
2022-01-05,4700.580078125,-0.0195832643045008,0.0091957461402941,0,Bull,train
2022-01-06,4696.0498046875,-0.0009642337401807,0.0086375065123177,0,Bull,train
2022-01-07,4677.02978515625,-0.0040584410823356,0.0084240347108121,0,Bull,train
2022-01-10,4670.2900390625,-0.0014420705375393,0.0066441072119856,0,Bull,train
2022-01-11,4713.06982421875,0.0091182864523986,0.0076079926909657,0,Bull,train
2022-01-12,4726.35009765625,0.0028137920146669,0.0076815000585898,0,Bull,train
2022-01-13,4659.02978515625,-0.0143460292343995,0.008712601935882,0,Bull,train
2022-01-14,4662.85009765625,0.0008196442695904,0.0087765594233707,0,Bull,train
2022-01-18,4577.10986328125,-0.0185591053980083,0.0095803386021502,0,Bull,train
2022-01-19,4532.759765625,-0.00973679094146,0.0095850727294242,0,Bull,train
2022-01-20,4482.72998046875,-0.0110987423043322,0.0085261916765037,0,Bull,train
2022-01-21,4397.93994140625,-0.0190959953246352,0.0095045656453568,0,Bull,train
2022-01-24,4410.1298828125,0.0027679047582704,0.0099392776484174,0,Bull,train
2022-01-25,4356.4501953125,-0.0122465905568667,0.0099908626095665,0,Bull,train
2022-01-26,4349.93017578125,-0.001497756925886,0.0085536737827391,0,Bull,train
2022-01-27,4326.509765625,-0.0053986351999704,0.0077551238751564,0,Bull,train
2022-01-28,4431.85009765625,0.0240559679147356,0.0126735675333199,0,Bull,train
2022-01-31,4515.5498046875,0.0187098262229845,0.0146886961135975,0,Bull,train
2022-02-01,4546.5400390625,0.0068395603483182,0.0139152559300244,0,Bull,train
2022-02-02,4589.3798828125,0.0093784004483232,0.0138441263689188,0,Bull,train
2022-02-03,4477.43994140625,-0.0246934717201199,0.0157296434292653,2,Sideways,train
2022-02-04,4500.52978515625,0.0051436784398628,0.0142811598765863,2,Sideways,train
2022-02-07,4483.8701171875,-0.0037085809278281,0.0144042032520266,2,Sideways,train
2022-02-08,4521.5400390625,0.0083661134666339,0.013648331387267,2,Sideways,train
2022-02-09,4587.18017578125,0.014412842079265,0.0138976628772352,2,Sideways,train
2022-02-10,4504.080078125,-0.0182818244850562,0.0155049155242033,2,Sideways,train
2022-02-11,4418.64013671875,-0.0191516826380855,0.0153210564778264,2,Sideways,train
2022-02-14,4401.669921875,-0.003847990755629,0.0137961718783037,2,Sideways,train
2022-02-15,4471.06982421875,0.0156437176460642,0.0147127347105413,2,Sideways,train
2022-02-16,4475.009765625,0.0008808197202831,0.0142413083291547,2,Sideways,train
2022-02-17,4380.259765625,-0.0214005041369365,0.0136994888396713,2,Sideways,train
2022-02-18,4348.8701171875,-0.0071919616638655,0.0135195201575413,2,Sideways,train
2022-02-22,4304.759765625,-0.0101947354350162,0.0136890102740327,2,Sideways,train
2022-02-23,4225.5,-0.0185837357487876,0.0136198863228908,2,Sideways,train
2022-02-24,4288.7001953125,0.0148461052527242,0.0136952443963096,2,Sideways,train
2022-02-25,4384.64990234375,0.0221260805512653,0.0157191997998356,2,Sideways,train
2022-02-28,4373.93994140625,-0.0024455914631271,0.014624618986903,2,Sideways,train
2022-03-01,4306.259765625,-0.0155944677866113,0.0153319223572748,2,Sideways,train
2022-03-02,4386.5400390625,0.0184710467806503,0.0157185546743142,2,Sideways,train
2022-03-03,4363.490234375,-0.0052685207442451,0.015717584825612,2,Sideways,train
2022-03-04,4328.8701171875,-0.0079656845430022,0.0144476540023132,2,Sideways,train
2022-03-07,4201.08984375,-0.0299625868144151,0.0170588822362736,2,Sideways,train
2022-03-08,4170.7001953125,-0.0072600439756982,0.0169550229146415,2,Sideways,train
2022-03-09,4277.8798828125,0.0253735981221403,0.0181678405833578,2,Sideways,train
2022-03-10,4259.52001953125,-0.0043010499202473,0.017572842242024,2,Sideways,train
2022-03-11,4204.31005859375,-0.0130462789332383,0.0159448690481706,2,Sideways,train
2022-03-14,4173.10986328125,-0.0074486750955333,0.0159621876725044,2,Sideways,train
2022-03-15,4262.4501953125,0.0211826297241461,0.0173496977476203,2,Sideways,train
2022-03-16,4357.85986328125,0.0221369216483928,0.0178391738195741,2,Sideways,train
2022-03-17,4411.669921875,0.0122722050687009,0.0181940755006278,2,Sideways,train
2022-03-18,4463.1201171875,0.0115948144118878,0.018162803329716,2,Sideways,train
2022-03-21,4461.18017578125,-0.0004347548543019,0.0141573101735278,2,Sideways,train
2022-03-22,4511.60986328125,0.0112406995540741,0.013420616939649,2,Sideways,train
2022-03-23,4456.240234375,-0.0123486302524948,0.0132503966060656,2,Sideways,train
2022-03-24,4520.16015625,0.0142420122816186,0.0132439482987126,0,Bull,train
2022-03-25,4543.06005859375,0.0050533807042363,0.0114804172432748,0,Bull,train
2022-03-28,4575.52001953125,0.0071195510200432,0.0101893278577085,0,Bull,train
2022-03-29,4631.60009765625,0.012182044101392,0.0093791473026898,0,Bull,train
2022-03-30,4602.4501953125,-0.0063135889990899,0.0090258916257502,0,Bull,train
2022-03-31,4530.41015625,-0.0157763352268816,0.0108481826001306,0,Bull,train
2022-04-01,4545.85986328125,0.0034044209614627,0.0103981608712283,0,Bull,train
2022-04-04,4582.64013671875,0.008058382532134,0.0105379166047658,0,Bull,train
2022-04-05,4525.1201171875,-0.0126311590740062,0.0110749182988535,0,Bull,train
2022-04-06,4481.14990234375,-0.009764433912478,0.0107730457966613,0,Bull,train
2022-04-07,4500.2099609375,0.0042443655520365,0.0097801215508869,0,Bull,train
2022-04-08,4488.27978515625,-0.0026545466755525,0.0096009648731362,0,Bull,train
2022-04-11,4412.52978515625,-0.0170213345846956,0.0102837210258404,0,Bull,train
2022-04-12,4397.4501953125,-0.0034233005304535,0.0086765993251965,0,Bull,train
2022-04-13,4446.58984375,0.0111126032689021,0.0100643334636182,0,Bull,train
2022-04-14,4392.58984375,-0.0122184803835079,0.00963364775102,0,Bull,train
2022-04-18,4391.68994140625,-0.0002048892724069,0.0094287555067344,0,Bull,train
2022-04-19,4462.2099609375,0.0159300447493873,0.010734493882726,0,Bull,train
2022-04-20,4459.4501953125,-0.0006186664061829,0.0101513658285713,0,Bull,train
2022-04-21,4393.66015625,-0.0148628555513106,0.0107264293147343,2,Sideways,train
2022-04-22,4271.77978515625,-0.0281320763773678,0.0132346708275081,2,Sideways,train
2022-04-25,4296.1201171875,0.0056817651441125,0.0136688964430295,2,Sideways,train
2022-04-26,4175.2001953125,-0.0285500089285974,0.0152488332401962,2,Sideways,train
2022-04-27,4183.9599609375,0.0020958490249647,0.0154322747037158,2,Sideways,train
2022-04-28,4287.5,0.0244456553408323,0.0174242087288798,2,Sideways,train
2022-04-29,4131.93017578125,-0.0369591597846952,0.0202967617624546,2,Sideways,train
2022-05-02,4155.3798828125,0.0056591992938184,0.0205694460518078,2,Sideways,train
2022-05-03,4175.47998046875,0.0048254650753598,0.0195569458904593,2,Sideways,train
2022-05-04,4300.169921875,0.0294252215573269,0.0226483665086954,2,Sideways,train
2022-05-05,4146.8701171875,-0.0363006775640997,0.0247464261726538,2,Sideways,train
2022-05-06,4123.33984375,-0.0056903844139526,0.0234793989698431,2,Sideways,train
2022-05-09,3991.239990234375,-0.0325615195396036,0.0248836049898541,2,Sideways,train
2022-05-10,4001.050048828125,0.0024548817604088,0.0238606917993356,2,Sideways,train
2022-05-11,3935.179931640625,-0.0166002320956977,0.0240390960127674,2,Sideways,train
2022-05-12,3930.080078125,-0.0012968049941122,0.0216618376669001,2,Sideways,train
2022-05-13,4023.889892578125,0.0235892679568685,0.0213464942711691,2,Sideways,train
2022-05-16,4008.010009765625,-0.0039542085177224,0.021146263808568,2,Sideways,train
2022-05-17,4088.85009765625,0.019968919581462,0.0223268235387808,2,Sideways,train
2022-05-18,3923.679931640625,-0.0412338092912474,0.022423242034675,2,Sideways,train
2022-05-19,3900.7900390625,-0.0058508647773489,0.0202949926783979,2,Sideways,train
2022-05-20,3901.360107421875,0.0001461310919914,0.0203923308541426,2,Sideways,train
2022-05-23,3973.75,0.0183849954120596,0.0192200221537742,2,Sideways,train
2022-05-24,3941.47998046875,-0.0081539509035568,0.0193349734632443,2,Sideways,train
2022-05-25,3978.72998046875,0.0094063856489317,0.0188204129901481,2,Sideways,train
2022-05-26,4057.840087890625,0.0196881660077199,0.0196739658990747,2,Sideways,train
2022-05-27,4158.240234375,0.0244411301958216,0.0197736545627355,2,Sideways,train
2022-05-31,4132.14990234375,-0.0062941351936665,0.0198823751459931,2,Sideways,train
2022-06-01,4101.22998046875,-0.0075109050411548,0.019170476963698,2,Sideways,train
2022-06-02,4176.81982421875,0.018263225415545,0.0131272394177761,2,Sideways,train
2022-06-03,4108.5400390625,-0.0164824056098176,0.0145678146280216,2,Sideways,train
2022-06-06,4121.43017578125,0.0031324894070365,0.0144833187448781,2,Sideways,train
2022-06-07,4160.68017578125,0.009478331531719,0.013862608263284,2,Sideways,train
2022-06-08,4115.77001953125,-0.0108526230401544,0.0141614582197599,2,Sideways,train
2022-06-09,4017.820068359375,-0.024086457665156,0.0165806686995823,2,Sideways,train
2022-06-10,3900.860107421875,-0.0295424148114094,0.0176801716313213,2,Sideways,train
2022-06-13,3749.6298828125,-0.0395399319900402,0.0178422632126046,2,Sideways,train
2022-06-14,3735.47998046875,-0.0037808180394893,0.0179231597066689,2,Sideways,train
2022-06-15,3789.989990234375,0.0144870588365346,0.0195511879950432,2,Sideways,train
2022-06-16,3666.77001953125,-0.0330522071138403,0.0186363355348731,2,Sideways,train
2022-06-17,3674.840087890625,0.0021984473410121,0.0191794974733953,2,Sideways,train
2022-06-21,3764.7900390625,0.0241824749606731,0.0218860861745612,2,Sideways,train
2022-06-22,3759.889892578125,-0.0013024200953584,0.0211242168185802,2,Sideways,train
2022-06-23,3795.72998046875,0.0094870724855571,0.0220075357422012,2,Sideways,train
2022-06-24,3911.739990234375,0.0301055397299006,0.0241956222191576,2,Sideways,train
2022-06-27,3900.110107421875,-0.0029774998903402,0.022302355418108,2,Sideways,train
2022-06-28,3821.550048828125,-0.0203486731494955,0.0191227769481576,2,Sideways,train
2022-06-29,3818.830078125,-0.0007119988201722,0.0190459534694601,2,Sideways,train
2022-06-30,3785.3798828125,-0.0087978662463683,0.0187995664327176,2,Sideways,train
2022-07-01,3825.330078125,0.0104985112966407,0.0149796844040346,0,Bull,train
2022-07-05,3831.389892578125,0.0015828751061928,0.0149902368589993,0,Bull,train
2022-07-06,3845.080078125,0.0035667957050655,0.0132489126090521,0,Bull,train
2022-07-07,3902.6201171875,0.0148537231809307,0.0137616673424817,0,Bull,train
2022-07-08,3899.3798828125,-0.0008306163961275,0.0136681933334211,0,Bull,train
2022-07-11,3854.429931640625,-0.0115944176605253,0.0103293535246669,0,Bull,train
2022-07-12,3818.800048828125,-0.0092868684974938,0.010619872885721,0,Bull,train
2022-07-13,3801.780029296875,-0.0044668641118157,0.0085804544210214,0,Bull,train
2022-07-14,3790.3798828125,-0.0030031388127653,0.0086167024340079,0,Bull,train
2022-07-15,3863.159912109375,0.0190192316586337,0.0100927927249097,0,Bull,train
2022-07-18,3830.85009765625,-0.008398742485836,0.0101009395850018,0,Bull,train
2022-07-19,3936.68994140625,0.0272535176437305,0.0132715571692868,0,Bull,train
2022-07-20,3959.89990234375,0.0058784939410578,0.0133081975261277,0,Bull,train
2022-07-21,3998.949951171875,0.0098130666895048,0.012895990042776,0,Bull,train
2022-07-22,3961.6298828125,-0.0093762872938132,0.0134095984422944,0,Bull,train
2022-07-25,3966.840087890625,0.0013143029733058,0.0125967354571839,0,Bull,train
2022-07-26,3921.050048828125,-0.0116103425992637,0.0128645612320054,0,Bull,train
2022-07-27,4023.610107421875,0.0258200487786286,0.0144699270397093,0,Bull,train
2022-07-28,4072.429931640625,0.012060319791912,0.0142489788646522,0,Bull,train
2022-07-29,4130.2900390625,0.0141077757817544,0.0138751940757193,0,Bull,train
2022-08-01,4118.6298828125,-0.002827076544916,0.0133021782664595,0,Bull,train
2022-08-02,4091.18994140625,-0.006684688378872,0.011883400874985,0,Bull,train
2022-08-03,4155.169921875,0.015517456270091,0.0124439596807487,0,Bull,train
2022-08-04,4151.93994140625,-0.0007776424495844,0.0124218319833736,0,Bull,train
2022-08-05,4145.18994140625,-0.0016270690189177,0.0117343636724873,0,Bull,train
2022-08-08,4140.06005859375,-0.0012383171221213,0.0118393659497398,0,Bull,train
2022-08-09,4122.47021484375,-0.004257744235927,0.0109372291909827,0,Bull,train
2022-08-10,4210.240234375,0.0210671584604078,0.0099950846704165,0,Bull,train
2022-08-11,4207.27001953125,-0.000705722922202,0.0097389705177961,0,Bull,train
2022-08-12,4280.14990234375,0.0171740469514922,0.0101578106071268,0,Bull,train
2022-08-15,4297.14013671875,0.0039616840562342,0.0099069732380588,0,Bull,train
2022-08-16,4305.2001953125,0.001873922825947,0.0092027029514984,0,Bull,train
2022-08-17,4274.0400390625,-0.0072641148676471,0.0091566606394673,0,Bull,train
2022-08-18,4283.740234375,0.0022669896063849,0.0090739672880215,0,Bull,train
2022-08-19,4228.47998046875,-0.0129839287130391,0.010355092321741,2,Sideways,train
2022-08-22,4137.990234375,-0.0216323664664948,0.0127846665769293,2,Sideways,train
2022-08-23,4128.72998046875,-0.0022403704344373,0.0127266778291922,2,Sideways,train
2022-08-24,4140.77001953125,0.0029119166987232,0.0105141024567566,2,Sideways,train
2022-08-25,4199.1201171875,0.0139932418361077,0.0116310698768694,2,Sideways,train
2022-08-26,4057.659912109375,-0.0342685763170393,0.0141905286699183,2,Sideways,train
2022-08-29,4030.610107421875,-0.006688675197326,0.0138095526848847,2,Sideways,train
2022-08-30,3986.159912109375,-0.0110894164921155,0.0135522808877999,2,Sideways,train
2022-08-31,3955.0,-0.007847738208154,0.0135514540959471,2,Sideways,train
2022-09-01,3966.85009765625,0.0029917522671958,0.0136128258398849,2,Sideways,train
2022-09-02,3924.260009765625,-0.010794552570724,0.0135355269282514,2,Sideways,train
2022-09-06,3908.18994140625,-0.0041034646908961,0.0125998485126613,2,Sideways,train
2022-09-07,3979.8701171875,0.0181748486661703,0.0147034451917994,2,Sideways,train
2022-09-08,4006.179931640625,0.0065889668804413,0.0149306158439419,2,Sideways,train
2022-09-09,4067.360107421875,0.0151560149812119,0.01508403430989,2,Sideways,train
2022-09-12,4110.41015625,0.0105286514839963,0.0108996712155487,2,Sideways,train
2022-09-13,3932.68994140625,-0.0441991630319744,0.0180562376323435,2,Sideways,train
2022-09-14,3946.010009765625,0.0033812890788453,0.017866623385188,2,Sideways,train
2022-09-15,3901.35009765625,-0.0113822721681504,0.0180508836829013,2,Sideways,train
2022-09-16,3873.330078125,-0.007208049775663,0.0180654667028822,2,Sideways,train
2022-09-19,3899.889892578125,0.0068336977247049,0.0180137766245306,2,Sideways,train
2022-09-20,3855.929931640625,-0.0113361147365989,0.0183117817438122,2,Sideways,train
2022-09-21,3789.929931640625,-0.0172646740985076,0.0175265567611953,2,Sideways,train
2022-09-22,3757.989990234375,-0.008463293830454,0.0170716185581893,2,Sideways,train
2022-09-23,3693.22998046875,-0.0173828287673298,0.0155397142365609,2,Sideways,train
2022-09-26,3655.0400390625,-0.010394360890281,0.0138362391490646,2,Sideways,train
2022-09-27,3647.2900390625,-0.0021226109548244,0.0080619795030273,2,Sideways,train
2022-09-28,3719.0400390625,0.0194811441811531,0.0114003462467727,2,Sideways,train
2022-09-29,3640.469970703125,-0.0213527948230982,0.0123289458996193,2,Sideways,train
2022-09-30,3585.6201171875,-0.0151813515462091,0.0126043202504369,2,Sideways,train
2022-10-03,3678.429931640625,0.0255545775309293,0.0159516537319408,2,Sideways,train
2022-10-04,3790.929931640625,0.0301253414168005,0.0193850092654426,2,Sideways,train
2022-10-05,3783.280029296875,-0.0020199875589383,0.0186088781693553,2,Sideways,train
2022-10-06,3744.52001953125,-0.0102979229113948,0.0187084414267828,2,Sideways,train
2022-10-07,3639.659912109375,-0.0284031965314781,0.0200958028715192,2,Sideways,train
2022-10-10,3612.389892578125,-0.0075206731336532,0.019974042040476,2,Sideways,train
2022-10-11,3588.840087890625,-0.0065405184123239,0.0200460893859981,2,Sideways,train
2022-10-12,3577.030029296875,-0.0032961996501654,0.0186264005416011,2,Sideways,train
2022-10-13,3669.909912109375,0.0256342593076315,0.0196320233557288,2,Sideways,train
2022-10-14,3583.070068359375,-0.0239471207445287,0.0205971271797627,2,Sideways,train
2022-10-17,3677.949951171875,0.0261355245575618,0.0206780961824453,2,Sideways,train
2022-10-18,3719.97998046875,0.0113627682070873,0.0183609978145303,2,Sideways,train
2022-10-19,3695.159912109375,-0.0066944552396854,0.0184240889327584,2,Sideways,train
2022-10-20,3665.780029296875,-0.0079826867387655,0.0183275033098251,2,Sideways,train
2022-10-21,3752.75,0.0234477598604474,0.0173770937949457,2,Sideways,train
2022-10-24,3797.340087890625,0.0118119402051117,0.0171430144736303,2,Sideways,train
2022-10-25,3859.110107421875,0.0161357700158735,0.0169465126279671,2,Sideways,train
2022-10-26,3830.60009765625,-0.0074151403989883,0.0172784215691548,2,Sideways,train
2022-10-27,3807.300048828125,-0.0061011850531844,0.016333310833126,2,Sideways,train
2022-10-28,3901.06005859375,0.0243280367708553,0.0142652648202051,2,Sideways,train
2022-10-31,3871.97998046875,-0.0074823270303365,0.0135936160396784,2,Sideways,train
2022-11-01,3856.10009765625,-0.0041096637203583,0.0136869923048717,2,Sideways,train
2022-11-02,3759.68994140625,-0.025319843737483,0.0162667489585264,2,Sideways,train
2022-11-03,3719.889892578125,-0.0106424225319567,0.0164637783088801,2,Sideways,train
2022-11-04,3770.550048828125,0.0135268232855629,0.01524581224829,2,Sideways,train
2022-11-07,3806.800048828125,0.00956806167936,0.0150759525033966,2,Sideways,train
2022-11-08,3828.110107421875,0.0055822828287599,0.0141832136275255,2,Sideways,train
2022-11-09,3748.570068359375,-0.0209967847123024,0.0154775761644236,2,Sideways,train
2022-11-10,3956.3701171875,0.0539525156647968,0.0234022786749599,2,Sideways,train
2022-11-11,3992.929931640625,0.00919831230477,0.0223981175726332,2,Sideways,train
2022-11-14,3957.25,-0.0089759405449179,0.0224756500203742,2,Sideways,train
2022-11-15,3991.72998046875,0.0086753764146685,0.0224418272996021,2,Sideways,train
2022-11-16,3958.7900390625,-0.0082862831118735,0.0205845405140118,2,Sideways,train
2022-11-17,3946.56005859375,-0.0030941046442301,0.0200727089966782,2,Sideways,train
2022-11-18,3965.340087890625,0.0047472956481584,0.0198939939077813,2,Sideways,train
2022-11-21,3949.93994140625,-0.0038912498002758,0.0200083558367204,2,Sideways,train
2022-11-22,4003.580078125,0.0134886062698296,0.0202461838022025,2,Sideways,train
2022-11-23,4027.260009765625,0.0058972660417371,0.0181649518312245,2,Sideways,train
2022-11-25,4026.1201171875,-0.0002830842622021,0.0077646769410513,2,Sideways,train
2022-11-28,3963.93994140625,-0.0155646967940654,0.0089783361415292,2,Sideways,train
2022-11-29,3957.6298828125,-0.0015931337016237,0.0085164813461822,2,Sideways,train
2022-11-30,4080.110107421875,0.0304786435212953,0.0127301165739759,2,Sideways,train
2022-12-01,4076.570068359375,-0.0008680098296061,0.0122592357449514,2,Sideways,train
2022-12-02,4071.699951171875,-0.0011953746637622,0.0121699148786087,2,Sideways,train
2022-12-05,3998.840087890625,-0.0180562496309715,0.0138516782423231,2,Sideways,train
2022-12-06,3941.260009765625,-0.0145038694229864,0.014638741363196,2,Sideways,train
2022-12-07,3933.919921875,-0.0018641072533824,0.0138236578986756,2,Sideways,train
2022-12-08,3963.510009765625,0.0074936344139331,0.0139306525262584,2,Sideways,train
2022-12-09,3934.3798828125,-0.0073767194642115,0.0140365952092529,2,Sideways,train
2022-12-12,3990.56005859375,0.0141783072996499,0.0140659106424126,2,Sideways,train
2022-12-13,4019.64990234375,0.0072632232554568,0.0141859322992627,2,Sideways,train
2022-12-14,3995.320068359375,-0.0060711166238363,0.0099953003745255,2,Sideways,train
2022-12-15,3895.75,-0.0252374779018254,0.0123539956586766,2,Sideways,train
2022-12-16,3852.360107421875,-0.011200239946012,0.0124579914228648,2,Sideways,train
2022-12-19,3817.659912109375,-0.0090483289411036,0.0117582397753371,0,Bull,train
2022-12-20,3821.6201171875,0.0010368006978893,0.0113283381600816,0,Bull,train
2022-12-21,3878.43994140625,0.0147585486690555,0.0126674205162436,0,Bull,train
2022-12-22,3822.389892578125,-0.0145571424981465,0.0128610738506965,0,Bull,train
2022-12-23,3844.820068359375,0.0058509522719152,0.0131102042311482,0,Bull,train
2022-12-27,3829.25,-0.0040578440346585,0.0117619925642804,0,Bull,train
2022-12-28,3783.219970703125,-0.0120934704429487,0.0112614784853315,0,Bull,train
2022-12-29,3849.280029296875,0.0173106343149935,0.0134701077176597,0,Bull,train
2022-12-30,3839.5,-0.0025439756461107,0.0111556980952466,0,Bull,train
2023-01-03,3824.139892578125,-0.0040085724812737,0.0106792472005766,0,Bull,train
2023-01-04,3852.969970703125,0.0075106945621392,0.0105297712528559,0,Bull,train
2023-01-05,3808.10009765625,-0.0117138691364573,0.0112607710820413,0,Bull,train
2023-01-06,3895.080078125,0.0225838355890317,0.0126178122804754,0,Bull,train
2023-01-09,3892.090087890625,-0.0007679273259917,0.0115023705530882,0,Bull,train
2023-01-10,3919.25,0.0069539979705943,0.0115506470297318,0,Bull,train
2023-01-11,3969.610107421875,0.0127675711922936,0.0118061749677633,0,Bull,train
2023-01-12,3983.169921875,0.0034100849120424,0.0104572690814566,0,Bull,train
2023-01-13,3999.090087890625,0.0039888921446564,0.009544731788965,0,Bull,train
2023-01-17,3990.969970703125,-0.002032555430997,0.0095081554416653,0,Bull,train
2023-01-18,3928.860107421875,-0.0156849669777443,0.0111570498996127,0,Bull,train
2023-01-19,3898.85009765625,-0.007667671901812,0.0114584915355123,0,Bull,train
2023-01-20,3972.610107421875,0.018741673552352,0.0116945001801544,0,Bull,train
2023-01-23,4019.81005859375,0.0118113159513288,0.0102189646064147,0,Bull,train
2023-01-24,4016.949951171875,-0.0007117563642928,0.0102165856520786,0,Bull,train
2023-01-25,4016.219970703125,-0.0001817415734652,0.0101710652951074,0,Bull,train
2023-01-26,4060.429931640625,0.0109477080291142,0.0099803204622635,0,Bull,train
2023-01-27,4070.56005859375,0.0024917340217047,0.0099728057520425,0,Bull,train
2023-01-30,4017.77001953125,-0.0130535693152928,0.0110278677559975,0,Bull,train
2023-01-31,4076.60009765625,0.0145363044164188,0.0118265342784185,0,Bull,train
2023-02-01,4119.2099609375,0.0103980562968857,0.0102313664603792,0,Bull,train
2023-02-02,4179.759765625,0.0145923846268534,0.0096383921348206,0,Bull,train
2023-02-03,4136.47998046875,-0.0104085926372849,0.0100764367646062,0,Bull,train
2023-02-06,4111.080078125,-0.0061593931939398,0.0101391942507787,0,Bull,train
2023-02-07,4164.0,0.0127903640373983,0.0105906554530941,0,Bull,train
2023-02-08,4117.85986328125,-0.0111425730124121,0.011548849293316,0,Bull,train
2023-02-09,4081.5,-0.008869009831038,0.011637934303768,0,Bull,train
2023-02-10,4090.4599609375,0.0021928557092181,0.0116326836487691,0,Bull,train
2023-02-13,4137.2900390625,0.011383569951155,0.0110227614742977,0,Bull,train
2023-02-14,4136.1298828125,-0.0002804538554936,0.0102588709639883,0,Bull,train
2023-02-15,4147.60009765625,0.0027693375330759,0.0097925643355949,0,Bull,train
2023-02-16,4090.409912109375,-0.0138846892048807,0.0094335116223182,0,Bull,train
2023-02-17,4079.090087890625,-0.0027712421722831,0.0089903331455632,0,Bull,train
2023-02-21,3997.340087890625,-0.0202447839734709,0.0107504526140622,0,Bull,train
2023-02-22,3991.050048828125,-0.0015747954856433,0.0092963152331396,0,Bull,train
2023-02-23,4012.320068359375,0.0053152782632377,0.0093952513924832,0,Bull,train
2023-02-24,3970.0400390625,-0.0105934646197756,0.0095379172874789,0,Bull,train
2023-02-27,3982.239990234375,0.0030682925395524,0.0095923803471973,0,Bull,train
2023-02-28,3970.14990234375,-0.0030406198309478,0.0082302072791838,0,Bull,train
2023-03-01,3951.389892578125,-0.0047364642034928,0.0081188807210072,0,Bull,train
2023-03-02,3981.35009765625,0.0075535937311972,0.0087182197655834,0,Bull,train
2023-03-03,4045.639892578125,0.0160187491764833,0.0100173388293917,0,Bull,train
2023-03-06,4048.419921875,0.0006869307788477,0.0100129451997327,0,Bull,train
2023-03-07,3986.3701171875,-0.0154455904792634,0.0090430303447845,0,Bull,train
2023-03-08,3992.010009765625,0.0014137941356029,0.0090446781732692,0,Bull,train
2023-03-09,3918.320068359375,-0.0186318579454809,0.0105354169793716,0,Bull,train
2023-03-10,3861.590087890625,-0.0145839694360674,0.0109489373799786,0,Bull,train
2023-03-13,3855.760009765625,-0.0015109018407386,0.0107719721289967,0,Bull,train
2023-03-14,3919.2900390625,0.0163423882353637,0.0124262228636502,0,Bull,train
2023-03-15,3891.929931640625,-0.0070053639293536,0.0125165430013656,0,Bull,train
2023-03-16,3960.280029296875,0.0174095762490313,0.0136470790366777,0,Bull,train
2023-03-17,3916.639892578125,-0.0110806212739529,0.0126498483555438,0,Bull,train
2023-03-20,3951.570068359375,0.0088788696359412,0.0131863254119473,0,Bull,train
2023-03-21,4002.8701171875,0.0128986475185577,0.01312184566694,0,Bull,train
2023-03-22,3936.969970703125,-0.0166002486398415,0.0141642978116076,0,Bull,train
2023-03-23,3948.719970703125,0.0029800838691826,0.0128265478056041,0,Bull,train
2023-03-24,3970.989990234375,0.005623963084302,0.0116787958800449,0,Bull,train
2023-03-27,3977.530029296875,0.0016455995637674,0.0115918603128783,0,Bull,train
2023-03-28,3971.27001953125,-0.0015750832883885,0.0106670098635306,0,Bull,train
2023-03-29,4027.81005859375,0.0141368707750473,0.0109261709332738,0,Bull,train
2023-03-30,4050.830078125,0.0056989991994829,0.0098346230851204,0,Bull,train
2023-03-31,4109.31005859375,0.0143333277820367,0.0092715125202822,0,Bull,train
2023-04-03,4124.509765625,0.0036920225658025,0.009162547033796,0,Bull,train
2023-04-04,4100.60009765625,-0.0058138397451621,0.0091182791917488,0,Bull,train
2023-04-05,4090.3798828125,-0.0024954816571209,0.0065912879325779,0,Bull,train
2023-04-06,4105.02001953125,0.0035727731328023,0.006585532009942,0,Bull,train
2023-04-10,4109.10986328125,0.0009958070170092,0.0066120764337889,0,Bull,train
2023-04-11,4108.93994140625,-4.135333298194155e-05,0.0066834858153078,0,Bull,train
2023-04-12,4091.949951171875,-0.0041434563234616,0.006934174900498,0,Bull,train
2023-04-13,4146.22021484375,0.013175510497831,0.0067671704808769,0,Bull,train
2023-04-14,4137.64013671875,-0.0020715175845786,0.006855289426288,0,Bull,train
2023-04-17,4151.31982421875,0.0033007035826155,0.0054059649333843,0,Bull,train
2023-04-18,4154.8701171875,0.0008548548034656,0.005323807825273,0,Bull,train
2023-04-19,4154.52001953125,-8.426554794027652e-05,0.0048259229861708,0,Bull,train
2023-04-20,4129.7900390625,-0.0059703351883104,0.0052376267794431,0,Bull,train
2023-04-21,4133.52001953125,0.0009027812573005,0.0051570059193363,0,Bull,train
2023-04-24,4137.0400390625,0.0008512167782726,0.0051562617204091,0,Bull,train
2023-04-25,4071.6298828125,-0.0159371838185773,0.0073752122569287,0,Bull,train
2023-04-26,4055.989990234375,-0.0038485835033448,0.0073614341897823,0,Bull,train
2023-04-27,4135.35009765625,0.0193771934026969,0.0087983591041636,0,Bull,train
2023-04-28,4169.47998046875,0.0082193313132439,0.0091577480648351,0,Bull,train
2023-05-01,4167.8701171875,-0.0003861810485101,0.0091185211176201,0,Bull,train
2023-05-02,4119.580078125,-0.0116539066805732,0.0098754282177733,0,Bull,train
2023-05-03,4090.75,-0.0070229080548926,0.0100574967730094,0,Bull,train
2023-05-04,4061.219970703125,-0.0072449134550627,0.0101276157320563,0,Bull,train
2023-05-05,4136.25,0.0183061663818797,0.0119508616461,0,Bull,train
2023-05-08,4138.1201171875,0.0004520264848828,0.0119486139642261,0,Bull,train
2023-05-09,4119.169921875,-0.00458993894906,0.0107420755111852,0,Bull,train
2023-05-10,4137.64013671875,0.0044739422419137,0.0106326841268802,0,Bull,train
2023-05-11,4130.6201171875,-0.0016980648897053,0.0087208963308216,0,Bull,train
2023-05-12,4124.080078125,-0.0015845615894392,0.0082164069290667,0,Bull,train
2023-05-15,4136.27978515625,0.0029537976803162,0.008315699802232,0,Bull,train
2023-05-16,4109.89990234375,-0.0063981076819175,0.0076935418121097,0,Bull,train
2023-05-17,4158.77001953125,0.0118206886220715,0.0081409850903569,0,Bull,train
2023-05-18,4198.0498046875,0.0094007230637274,0.0078156331330798,0,Bull,train
2023-05-19,4191.97998046875,-0.0014469138806756,0.0058559255028014,0,Bull,train
2023-05-22,4192.6298828125,0.0001550226798023,0.0058616706938478,0,Bull,train
2023-05-23,4145.580078125,-0.0112854687682837,0.0069006298489635,0,Bull,train
2023-05-24,4115.240234375,-0.0073455126783059,0.0071774836183413,0,Bull,train
2023-05-25,4151.27978515625,0.008719456079012,0.0077262147142151,0,Bull,train
2023-05-26,4205.4501953125,0.0129646809316401,0.008609658794993,0,Bull,train
2023-05-30,4205.52001953125,1.6603130665870935e-05,0.0086218473226382,0,Bull,train
2023-05-31,4179.830078125,-0.0061273581862142,0.0085941111326015,0,Bull,train
2023-06-01,4221.02001953125,0.0098062150858542,0.0083503405622638,0,Bull,train
2023-06-02,4282.3701171875,0.0144298123901069,0.0090057174371169,0,Bull,train
2023-06-05,4273.7900390625,-0.0020055914906578,0.0090310955221087,0,Bull,train
2023-06-06,4283.85009765625,0.0023511302338512,0.0090097382991004,0,Bull,train
2023-06-07,4267.52001953125,-0.0038192939264209,0.0080283452168496,0,Bull,train
2023-06-08,4293.93017578125,0.0061695716075238,0.007207784433221,0,Bull,train
2023-06-09,4298.85986328125,0.0011474010230507,0.007082794512898,0,Bull,train
2023-06-12,4338.93017578125,0.0092779749817548,0.0066155553790634,0,Bull,train
2023-06-13,4369.009765625,0.0069085707259084,0.006614784654233,0,Bull,train
2023-06-14,4372.58984375,0.0008190899801263,0.0057649721133844,0,Bull,train
2023-06-15,4425.83984375,0.0121045804935899,0.006038953105301,0,Bull,train
2023-06-16,4409.58984375,-0.0036783764677519,0.0055009682223259,0,Bull,train
2023-06-20,4388.7099609375,-0.0047463538352356,0.0058323556989026,0,Bull,train
2023-06-21,4365.68994140625,-0.0052590863669248,0.0063497361234253,0,Bull,train
2023-06-22,4381.89013671875,0.0037039303873349,0.0060357318094004,0,Bull,train
2023-06-23,4348.330078125,-0.007688288056503,0.0066917300506465,0,Bull,train
2023-06-26,4328.81982421875,-0.0044969343631322,0.0069357776506349,0,Bull,train
2023-06-27,4378.41015625,0.0113907335241822,0.0072512991413147,0,Bull,train
2023-06-28,4376.85986328125,-0.0003541393883903,0.0069403118211758,0,Bull,train
2023-06-29,4396.43994140625,0.00446356811449,0.0070720669783464,0,Bull,train
2023-06-30,4450.3798828125,0.0121943502618862,0.0070884101234267,0,Bull,train
2023-07-03,4455.58984375,0.001169993092672,0.0069308975347604,0,Bull,train
2023-07-05,4446.81982421875,-0.0019702580976126,0.0067260480285375,0,Bull,train
2023-07-06,4411.58984375,-0.0079540611758943,0.0070642305452662,0,Bull,train
2023-07-07,4398.9501953125,-0.0028692127957334,0.0070951658139369,0,Bull,train
2023-07-10,4409.52978515625,0.0024021386106269,0.006512461982327,0,Bull,train
2023-07-11,4439.259765625,0.0067195839982545,0.0063482806134524,0,Bull,train
2023-07-12,4472.16015625,0.0073839052353896,0.0058315458333052,0,Bull,train
2023-07-13,4510.0400390625,0.0084344829896263,0.0060746698406137,0,Bull,train
2023-07-14,4505.419921875,-0.0010249321969073,0.0061746093441631,0,Bull,train
2023-07-17,4522.7900390625,0.0038479695744211,0.0051976978679191,0,Bull,train
2023-07-18,4554.97998046875,0.0070920669414284,0.0054716441808611,0,Bull,train
2023-07-19,4565.72021484375,0.0023551348272334,0.0052721359942982,0,Bull,train
2023-07-20,4534.8701171875,-0.006779827396258,0.0050168929087261,0,Bull,train
2023-07-21,4536.33984375,0.0003240420146131,0.0047113787394426,0,Bull,train
2023-07-24,4554.64013671875,0.0040260384968746,0.0047135779148852,0,Bull,train
2023-07-25,4567.4599609375,0.0028107195758391,0.0045520736389485,0,Bull,train
2023-07-26,4566.75,-0.000155450978676,0.0043363935377385,0,Bull,train
2023-07-27,4537.41015625,-0.0064453930551966,0.0044695038782574,0,Bull,train
2023-07-28,4582.22998046875,0.0098293758104333,0.0052750799436109,0,Bull,train
2023-07-31,4588.9599609375,0.001467635436569,0.0052203283842633,0,Bull,train
2023-08-01,4576.72998046875,-0.0026686453076827,0.0049544272435732,0,Bull,train
2023-08-02,4513.39013671875,-0.0139362006383354,0.0066547275414154,0,Bull,train
2023-08-03,4501.89013671875,-0.0025512254502917,0.0063863777616273,0,Bull,train
2023-08-04,4478.02978515625,-0.0053141693739391,0.0065302548869895,0,Bull,train
2023-08-07,4518.43994140625,0.0089836189648568,0.0071388162715455,0,Bull,train
2023-08-08,4499.3798828125,-0.004227205100058,0.0070902750697596,0,Bull,train
2023-08-09,4467.7099609375,-0.0070636191020465,0.0072785634466243,0,Bull,train
2023-08-10,4468.830078125,0.0002506825210808,0.0071507325182044,0,Bull,train
2023-08-11,4464.0498046875,-0.0010702648992282,0.0059595454318879,0,Bull,train
2023-08-14,4489.72021484375,0.0057340048794181,0.0064191192878123,0,Bull,train
2023-08-15,4437.85986328125,-0.0116181393960967,0.0070833402569439,0,Bull,train
2023-08-16,4404.330078125,-0.0075840817926238,0.0062358640542019,0,Bull,train
2023-08-17,4370.35986328125,-0.007742811377529,0.0064577556509317,0,Bull,train
2023-08-18,4369.7099609375,-0.0001487178839578,0.0064555762465407,0,Bull,train
2023-08-21,4399.77001953125,0.0068556348598001,0.0060597972040005,0,Bull,train
2023-08-22,4387.5498046875,-0.0027813310465454,0.0060354877519625,0,Bull,train
2023-08-23,4436.009765625,0.0109843307107908,0.0071249206680941,0,Bull,train
2023-08-24,4376.31005859375,-0.0135493539840076,0.0081765609165745,0,Bull,train
2023-08-25,4405.7099609375,0.006695501060296,0.0086400359417328,0,Bull,train
2023-08-28,4433.31005859375,0.0062450785941958,0.0086877480523311,0,Bull,train
2023-08-29,4497.6298828125,0.0144040687120572,0.009127964271312,0,Bull,train
2023-08-30,4514.8701171875,0.0038258541811924,0.0085858322272101,0,Bull,train
2023-08-31,4507.66015625,-0.0015982129743399,0.007970873436443,0,Bull,train
2023-09-01,4515.77001953125,0.0017975127655187,0.0079064184249976,0,Bull,train
2023-09-05,4496.830078125,-0.0042029978213822,0.0081223883773233,0,Bull,train
2023-09-06,4465.47998046875,-0.0069960144914311,0.0085087148483199,0,Bull,train
2023-09-07,4451.14013671875,-0.0032164331157336,0.0079659753811445,0,Bull,train
2023-09-08,4457.490234375,0.0014256060622575,0.006297577433895,0,Bull,train
2023-09-11,4487.4599609375,0.0067009514981357,0.006298044772566,0,Bull,train
2023-09-12,4461.89990234375,-0.0057121690230044,0.00650031102671,0,Bull,train
2023-09-13,4467.43994140625,0.0012408621175339,0.0043962735282396,0,Bull,train
2023-09-14,4505.10009765625,0.0083945855336668,0.0050973160942126,0,Bull,train
2023-09-15,4450.31982421875,-0.012234145842493,0.0063687018639904,0,Bull,train
2023-09-18,4453.52978515625,0.0007210276941744,0.0063198095358735,0,Bull,train
2023-09-19,4443.9501953125,-0.0021533273615332,0.0062512292993463,0,Bull,train
2023-09-20,4402.2001953125,-0.0094392042062914,0.0065445322676238,0,Bull,train
2023-09-21,4330.0,-0.0165369183184882,0.0081160757228684,0,Bull,train
2023-09-22,4320.06005859375,-0.0022982374027602,0.0079871341329536,0,Bull,train
2023-09-25,4337.43994140625,0.004014994203807,0.0076581242188327,0,Bull,train
2023-09-26,4273.52978515625,-0.0148441654822644,0.0084662771266838,0,Bull,train
2023-09-27,4274.509765625,0.000229287772294,0.0083983092524317,0,Bull,train
2023-09-28,4299.7001953125,0.0058758771430014,0.007999782144273,0,Bull,train
2023-09-29,4288.0498046875,-0.0027132596482903,0.0075531408310216,0,Bull,train
2023-10-02,4288.39013671875,7.936440615274876e-05,0.0075138974472341,0,Bull,train
2023-10-03,4229.4501953125,-0.0138393958634477,0.0081175429850222,0,Bull,train
2023-10-04,4263.75,0.0080770476078289,0.0088933205459409,0,Bull,train
2023-10-05,4258.18994140625,-0.0013048811469964,0.0075586675032581,0,Bull,train
2023-10-06,4308.5,0.0117456420939614,0.0086546611839401,0,Bull,train
2023-10-09,4335.66015625,0.0062840681193883,0.0088078178505021,0,Bull,train
2023-10-10,4358.240234375,0.0051944760999855,0.0071981660229176,0,Bull,train
2023-10-11,4376.9501953125,0.0042838195000953,0.0072038593609113,0,Bull,train
2023-10-12,4349.60986328125,-0.0062660249406558,0.0075613462312587,0,Bull,train
2023-10-13,4327.77978515625,-0.0050314956602193,0.0077268165501932,0,Bull,train
2023-10-16,4373.6298828125,0.0105386423025901,0.0082875937394388,0,Bull,train
2023-10-17,4373.2001953125,-9.824987944462292e-05,0.0062686733378211,0,Bull,train
2023-10-18,4314.60009765625,-0.0134904082511511,0.0079447627465619,0,Bull,train
2023-10-19,4278.0,-0.0085190323280581,0.0085038925488536,0,Bull,train
2023-10-20,4224.16015625,-0.012665149196156,0.0084087464346289,0,Bull,train
2023-10-23,4217.0400390625,-0.0016869920654354,0.0079011198713109,0,Bull,train
2023-10-24,4247.68017578125,0.0072395235196296,0.0081527449127802,0,Bull,train
2023-10-25,4186.77001953125,-0.0144434346572381,0.0085450128612245,0,Bull,train
2023-10-26,4137.22998046875,-0.0119030812055846,0.0088588641954717,0,Bull,train
2023-10-27,4117.3701171875,-0.0048118385786217,0.0088590661850412,0,Bull,train
2023-10-30,4166.81982421875,0.0119384743002868,0.0091382544416338,0,Bull,train
2023-10-31,4193.7998046875,0.0064540848216871,0.0097319677261404,0,Bull,train
2023-11-01,4237.85986328125,0.0104511949901926,0.0101263658188063,0,Bull,train
2023-11-02,4317.77978515625,0.0186829389340861,0.0116571761929686,0,Bull,train
2023-11-03,4358.33984375,0.0093498835445515,0.0108566567549678,0,Bull,train
2023-11-06,4365.97998046875,0.0017514577241009,0.0107410828548992,0,Bull,train
2023-11-07,4378.3798828125,0.0028360934017115,0.0106593691896531,0,Bull,train
2023-11-08,4382.77978515625,0.0010044110324205,0.0088034085889677,0,Bull,train
2023-11-09,4347.35009765625,-0.0081166906990688,0.008066497668837,0,Bull,train
2023-11-10,4415.240234375,0.015495759270772,0.0078890406094788,0,Bull,train
2023-11-13,4411.5498046875,-0.0008361884413705,0.0080307839847223,0,Bull,train
2023-11-14,4495.7001953125,0.0188953704745777,0.0090574126608957,0,Bull,train
2023-11-15,4502.8798828125,0.0015957382078468,0.0091099674442997,0,Bull,train
2023-11-16,4508.240234375,0.0011897193967129,0.008034017686895,0,Bull,train
2023-11-17,4514.02001953125,0.0012812279371789,0.0078759652802636,0,Bull,train
2023-11-20,4547.3798828125,0.0073631037937946,0.0079364547342192,0,Bull,train
2023-11-21,4538.18994140625,-0.0020229759317569,0.0081658836496011,0,Bull,train
2023-11-22,4556.6201171875,0.0040529050943138,0.0081155912102663,0,Bull,train
2023-11-24,4559.33984375,0.0005966956096443,0.0070856807686374,0,Bull,train
2023-11-27,4550.43017578125,-0.0019560693168987,0.006247612076974,0,Bull,train
2023-11-28,4554.89013671875,0.0009796385280509,0.0061488189590325,0,Bull,train
2023-11-29,4550.580078125,-0.0009466966151023,0.0028216157866298,0,Bull,train
2023-11-30,4567.7998046875,0.0037769312649942,0.0029364321079187,0,Bull,train
2023-12-01,4594.6298828125,0.0058565589538464,0.0032480581726093,0,Bull,train
2023-12-04,4569.77978515625,-0.0054231880638262,0.0039954859749235,0,Bull,train
2023-12-05,4567.18017578125,-0.000569031593935,0.0033824417171405,0,Bull,train
2023-12-06,4549.33984375,-0.0039138519449437,0.0035820471402926,0,Bull,train
2023-12-07,4585.58984375,0.0079366106848226,0.0041982661663862,0,Bull,train
2023-12-08,4604.3701171875,0.0040871341465038,0.0043376267715542,0,Bull,train
2023-12-11,4622.43994140625,0.0039168135477805,0.0042928547749642,0,Bull,train
2023-12-12,4643.7001953125,0.0045888127956921,0.0043883538537169,0,Bull,train
2023-12-13,4707.08984375,0.0135583451750207,0.0055696894974516,0,Bull,train
2023-12-14,4719.5498046875,0.0026435651851546,0.0055722799095553,0,Bull,train
2023-12-15,4719.18994140625,-7.625240044895065e-05,0.005581899228869,0,Bull,train
2023-12-18,4740.56005859375,0.0045181222634003,0.0048114902792943,0,Bull,train
2023-12-19,4768.3701171875,0.0058492674508201,0.004607081537432,0,Bull,train
2023-12-20,4698.35009765625,-0.0147931479653067,0.0072763548275797,0,Bull,train
2023-12-21,4746.75,0.0102487693072728,0.0074767572760123,0,Bull,train
2023-12-22,4754.6298828125,0.0016586821527599,0.007493333021897,0,Bull,train
2023-12-26,4774.75,0.0042227610469787,0.0074971572617427,0,Bull,train
2023-12-27,4781.580078125,0.0014294356164228,0.0075006588031294,0,Bull,train
2023-12-28,4783.35009765625,0.0003701061103278,0.0065186110855394,0,Bull,train
2023-12-29,4769.830078125,-0.0028304770367348,0.0066504157635612,0,Bull,train
2024-01-02,4742.830078125,-0.0056766607997218,0.0069841429805175,0,Bull,train
2024-01-03,4704.81005859375,-0.0080486183271979,0.0073040145266669,0,Bull,train
2024-01-04,4688.68017578125,-0.003434271663318,0.0069525732741943,0,Bull,train
2024-01-05,4697.240234375,0.0018240216394342,0.0052486242085096,0,Bull,train
2024-01-08,4763.5400390625,0.0140159454363537,0.0061291724821718,0,Bull,train
2024-01-09,4756.5,-0.0014789938523183,0.0061352195679088,0,Bull,train
2024-01-10,4783.4501953125,0.0056499806504959,0.0062587085722391,0,Bull,train
2024-01-11,4780.240234375,-0.0006712808369613,0.0062474331179544,0,Bull,train
2024-01-12,4783.830078125,0.0007506937530337,0.0062512860435919,0,Bull,train
2024-01-16,4765.97998046875,-0.0037383190523563,0.0063034948379076,0,Bull,train
2024-01-17,4739.2099609375,-0.0056327312711079,0.0062991755187706,0,Bull,train
2024-01-18,4780.93994140625,0.0087667207262427,0.0061777740692186,0,Bull,train
2024-01-19,4839.81005859375,0.0122383082325487,0.0067213466490048,0,Bull,train
2024-01-22,4850.43017578125,0.0021919211872312,0.0067141489165274,0,Bull,train
2024-01-23,4864.60009765625,0.0029171153407645,0.0055447659845999,0,Bull,train
2024-01-24,4868.5498046875,0.0008115989762167,0.0054265702677266,0,Bull,train
2024-01-25,4894.16015625,0.0052465781349795,0.0054005717465599,0,Bull,train
2024-01-26,4890.97021484375,-0.0006519977554262,0.0053994010050484,0,Bull,train
2024-01-29,4927.93017578125,0.0075283655052462,0.0056061400701707,0,Bull,train
2024-01-30,4924.97021484375,-0.00060083039698,0.0052666481130549,0,Bull,train
2024-01-31,4845.64990234375,-0.0162368517407323,0.0077452217727988,0,Bull,train
2024-02-01,4906.18994140625,0.0124162861140497,0.0081626584153097,0,Bull,train
2024-02-02,4958.60986328125,0.0106277707226318,0.0079645375793017,0,Bull,train
2024-02-05,4942.81005859375,-0.0031914247092839,0.0081615394916796,0,Bull,train
2024-02-06,4954.22998046875,0.0023077459317484,0.0081552633662441,0,Bull,train
2024-02-07,4995.06005859375,0.0082076825940085,0.0083852093635921,0,Bull,train
2024-02-08,4997.91015625,0.0005704205400913,0.008349381711427,0,Bull,train
2024-02-09,5026.60986328125,0.0057259171287942,0.0083595899942945,0,Bull,train
2024-02-12,5021.83984375,-0.000949404142652,0.0082486668507525,0,Bull,train
2024-02-13,4953.169921875,-0.013768609419845,0.0096260847341725,0,Bull,train
2024-02-14,5000.6201171875,0.0095341683042171,0.0079258783684075,0,Bull,train
2024-02-15,5029.72998046875,0.0058043726740404,0.0073193815078472,0,Bull,train
2024-02-16,5005.56982421875,-0.0048150435759612,0.0070344829265071,0,Bull,train
2024-02-20,4975.509765625,-0.0060234264658181,0.0072723891266487,0,Bull,train
2024-02-21,4981.7998046875,0.0012634014951036,0.0072535620643983,0,Bull,train
2024-02-22,5087.02978515625,0.0209028886664039,0.0095037126235414,0,Bull,train
2024-02-23,5088.7998046875,0.0003478870265016,0.0095072351812975,0,Bull,train
2024-02-26,5069.52978515625,-0.0037939392446677,0.0095472301262326,0,Bull,train
2024-02-27,5078.18017578125,0.0017048955387206,0.0095285166718462,0,Bull,train
2024-02-28,5069.759765625,-0.0016595313211116,0.0080872390239137,0,Bull,train
2024-02-29,5096.27001953125,0.0052154704557985,0.0077686124132832,0,Bull,train
2024-03-01,5137.080078125,0.0079759364333877,0.0079189392346911,0,Bull,train
2024-03-04,5130.9501953125,-0.0011939745749618,0.0076450548040395,0,Bull,train
2024-03-05,5078.64990234375,-0.0102454062759189,0.0082584365195962,0,Bull,train
2024-03-06,5104.759765625,0.0051279328530018,0.0083077193819704,0,Bull,train
2024-03-07,5157.35986328125,0.0102514022849842,0.0060545679546362,0,Bull,train
2024-03-08,5123.68994140625,-0.0065499229920504,0.0065564636518965,0,Bull,train
2024-03-11,5117.93994140625,-0.0011228682680286,0.0064064908423094,0,Bull,train
2024-03-12,5175.27001953125,0.0111395125866682,0.0071781752586843,0,Bull,train
2024-03-13,5165.31005859375,-0.0019263840021217,0.0071933329557731,0,Bull,train
2024-03-14,5150.47998046875,-0.0028752210514948,0.0072297961914097,0,Bull,train
2024-03-15,5117.08984375,-0.0065040228597386,0.0071398094908488,0,Bull,train
2024-03-18,5149.419921875,0.0062981842384814,0.0074331280622268,0,Bull,train
2024-03-19,5178.509765625,0.0056332530443423,0.0065608559960427,0,Bull,train
2024-03-20,5224.6201171875,0.0088647655163605,0.0068616716641065,0,Bull,train
2024-03-21,5241.52978515625,0.003231309094529,0.0062959442527687,0,Bull,train
2024-03-22,5234.18017578125,-0.0014031718343261,0.0057397732914148,0,Bull,train
2024-03-25,5218.18994140625,-0.0030596403820322,0.005892507286735,0,Bull,train
2024-03-26,5203.580078125,-0.002803721982806,0.0050653651701623,0,Bull,train
2024-03-27,5248.490234375,0.0085935955827061,0.0055629250675795,0,Bull,train
2024-03-28,5254.35009765625,0.001115862700761,0.0053452868210524,0,Bull,train
2024-04-01,5243.77001953125,-0.0020156145269574,0.0047019044063229,0,Bull,train
2024-04-02,5205.81005859375,-0.0072653882036721,0.0053751670277604,0,Bull,train
2024-04-03,5211.490234375,0.0010905275233383,0.0051350543765835,0,Bull,train
2024-04-04,5147.2099609375,-0.0124110356192623,0.0057204972762397,0,Bull,train
2024-04-05,5204.33984375,0.0110380501356992,0.0068566768089514,0,Bull,train
2024-04-08,5202.39013671875,-0.0003747011900419,0.0068528707604473,0,Bull,train
2024-04-09,5209.91015625,0.0014444494736345,0.0068218662639292,0,Bull,train
2024-04-10,5160.64013671875,-0.0095019818322121,0.0074136026020409,0,Bull,train
2024-04-11,5199.06005859375,0.0074172219833421,0.007255120042288,0,Bull,train
2024-04-12,5123.41015625,-0.0146575878022474,0.0083838393306438,0,Bull,train
2024-04-15,5061.81982421875,-0.0120941957874602,0.0089055488988076,0,Bull,train
2024-04-16,5051.41015625,-0.0020586245275033,0.0088147303445862,0,Bull,train
2024-04-17,5022.2099609375,-0.0057973750760051,0.0087273210918717,0,Bull,train
2024-04-18,5011.1201171875,-0.0022106017004848,0.0081746075190505,0,Bull,train
2024-04-19,4967.22998046875,-0.0087971296540558,0.0067604016487132,0,Bull,train
2024-04-22,5010.60009765625,0.0086933511568378,0.0079099647452236,0,Bull,train
2024-04-23,5070.5498046875,0.0118935665677231,0.009249978404754,0,Bull,train
2024-04-24,5071.6298828125,0.0002129873779317,0.0089632560530594,0,Bull,train
2024-04-25,5048.419921875,-0.0045869342701188,0.0083858601005674,0,Bull,train
2024-04-26,5099.9599609375,0.0101573813323252,0.0082028296989265,0,Bull,train
2024-04-29,5116.169921875,0.0031734080766394,0.0071498015839294,0,Bull,train
2024-04-30,5035.68994140625,-0.0158555511189284,0.0089298023383126,0,Bull,train
2024-05-01,5018.39013671875,-0.0034413534856305,0.0087991116720214,0,Bull,train
2024-05-02,5064.2001953125,0.0090870247250833,0.0092102728640021,0,Bull,train
2024-05-03,5127.7900390625,0.0124785576595094,0.0091389656443487,0,Bull,train
2024-05-06,5180.740234375,0.0102731736912478,0.0092577222755178,0,Bull,train
2024-05-07,5187.7001953125,0.0013425282288253,0.008762460430637,0,Bull,train
2024-05-08,5187.669921875,-5.835635194628708e-06,0.0087684784837538,0,Bull,train
2024-05-09,5214.080078125,0.0050780326391084,0.0084567676862181,0,Bull,train
2024-05-10,5222.68017578125,0.0016480400801661,0.0081028381330023,0,Bull,train
2024-05-13,5221.419921875,-0.0002413331738662,0.008137462816815,0,Bull,train
2024-05-14,5246.68017578125,0.0048261485274547,0.0051731699401243,0,Bull,train
2024-05-15,5308.14990234375,0.0116478277873,0.0049221583536368,0,Bull,train
2024-05-16,5297.10009765625,-0.002083837474089,0.0052993892005126,0,Bull,train
2024-05-17,5303.27001953125,0.0011640956878942,0.0045623807198045,0,Bull,train
2024-05-20,5308.1298828125,0.0009159703084904,0.003899499219404,0,Bull,train
2024-05-21,5321.41015625,0.0024987497668931,0.0038807964276207,0,Bull,train
2024-05-22,5307.009765625,-0.0027097912093516,0.0041622510036782,0,Bull,train
2024-05-23,5267.83984375,-0.0074081622834718,0.005013536214981,0,Bull,train
2024-05-24,5304.72021484375,0.0069766490766731,0.0053583396497085,0,Bull,train
2024-05-28,5306.0400390625,0.0002487709068859,0.0053422641450832,0,Bull,train
2024-05-29,5266.9501953125,-0.0073943172157431,0.0058935047636702,0,Bull,train
2024-05-30,5235.47998046875,-0.0059929575357529,0.0046586707556999,0,Bull,train
2024-05-31,5277.509765625,0.0079958242319282,0.0055030200997725,0,Bull,train
2024-06-03,5283.39990234375,0.0011154602235343,0.0055015344086855,0,Bull,train
2024-06-04,5291.33984375,0.0015016810037842,0.0055198972894763,0,Bull,train
2024-06-05,5354.02978515625,0.0117780158499556,0.0066996711319484,0,Bull,train
2024-06-06,5352.9599609375,-0.0001998366016362,0.006607819989745,0,Bull,train
2024-06-07,5346.990234375,-0.0011158420502788,0.0060048599912101,0,Bull,train
2024-06-10,5360.7900390625,0.0025775299782413,0.0057123754727832,0,Bull,train
2024-06-11,5375.31982421875,0.0027067148552095,0.0057268630662094,0,Bull,train
2024-06-12,5421.02978515625,0.008467720241887,0.0052269094944552,0,Bull,train
2024-06-13,5433.740234375,0.0023419114371172,0.0042221796814323,0,Bull,train
2024-06-14,5431.60009765625,-0.0003939382809985,0.0041095079360298,0,Bull,train
2024-06-17,5473.22998046875,0.0076351643723207,0.0043110539071671,0,Bull,train
2024-06-18,5487.02978515625,0.0025181541815175,0.0042697031263943,0,Bull,train
2024-06-20,5473.169921875,-0.0025291273954124,0.003577602508136,0,Bull,train
2024-06-21,5464.6201171875,-0.0015633517188238,0.0037030489689102,0,Bull,train
2024-06-24,5447.8701171875,-0.003069879155868,0.0039338780342315,0,Bull,train
2024-06-25,5469.2998046875,0.0039258736791829,0.0039836504297899,0,Bull,train
2024-06-26,5477.89990234375,0.0015711962247202,0.0039775709409065,0,Bull,train
2024-06-27,5482.8701171875,0.0009069098567984,0.0032382907572376,0,Bull,train
2024-06-28,5460.47998046875,-0.0040920134623689,0.0035915815090621,0,Bull,train
2024-07-01,5475.08984375,0.0026719909814296,0.003638213139888,0,Bull,train
2024-07-02,5509.009765625,0.0061762057711849,0.0033515053879892,0,Bull,train
2024-07-03,5537.02001953125,0.0050715622695332,0.0035977364629849,0,Bull,train
2024-07-05,5567.18994140625,0.0054339743609688,0.0036337890141067,0,Bull,train
2024-07-08,5572.85009765625,0.0010161824764054,0.0034637134024742,0,Bull,train
2024-07-09,5576.97998046875,0.0007407974780644,0.0030313416854311,0,Bull,train
2024-07-10,5633.91015625,0.010156314878106,0.0039068454750169,0,Bull,train
2024-07-11,5584.5400390625,-0.008801649969266,0.0054070860626254,0,Bull,train
2024-07-12,5615.35009765625,0.0055018640249642,0.0055050227914852,0,Bull,train
2024-07-15,5631.22021484375,0.002822216423354,0.0050129985833914,0,Bull,train
2024-07-16,5667.2001953125,0.0063690499714521,0.0051149426126588,0,Bull,train
2024-07-17,5588.27001953125,-0.0140254415236444,0.0073978786116827,0,Bull,train
2024-07-18,5544.58984375,-0.0078471121453507,0.0078076387084003,0,Bull,train
2024-07-19,5505.0,-0.0071658792264059,0.0078741623212258,0,Bull,train
2024-07-22,5564.41015625,0.0107342172462203,0.0087216364321268,0,Bull,train
2024-07-23,5555.740234375,-0.0015593176939461,0.0087258167071149,0,Bull,train
2024-07-24,5427.1298828125,-0.0234212422228932,0.010500226896573,0,Bull,train
2024-07-25,5399.22021484375,-0.0051558890197167,0.010367380892058,0,Bull,train
2024-07-26,5459.10009765625,0.0110294204095708,0.0110200513081141,0,Bull,train
2024-07-29,5463.5400390625,0.0008129795718279,0.0109236032954694,0,Bull,train
2024-07-30,5436.43994140625,-0.0049725143613663,0.0104171581617211,0,Bull,train
2024-07-31,5522.2998046875,0.0156699807019169,0.0114707381307252,0,Bull,train
2024-08-01,5446.68017578125,-0.0137881237919899,0.0119958131565226,2,Sideways,train
2024-08-02,5346.56005859375,-0.0185529066085532,0.013057202286349,2,Sideways,train
2024-08-05,5186.330078125,-0.030427041392393,0.0146634905098019,2,Sideways,train
2024-08-06,5240.02978515625,0.0103008494935998,0.0156051222733663,2,Sideways,train
2024-08-07,5199.5,-0.0077647153887703,0.0143840093308512,2,Sideways,train
2024-08-08,5319.31005859375,0.022781139590899,0.016719435901,2,Sideways,train
2024-08-09,5344.16015625,0.0046607984343811,0.0163056990955873,2,Sideways,train
2024-08-12,5344.39013671875,4.3033051721153015e-05,0.0162920812993632,2,Sideways,train
2024-08-13,5434.43017578125,0.0167072334190496,0.0172944992589419,2,Sideways,train
2024-08-14,5455.2099609375,0.0038164365611983,0.0164856402430954,2,Sideways,train
2024-08-15,5543.22021484375,0.0160044899313049,0.0166536320897409,2,Sideways,train
2024-08-16,5554.25,0.0019878023683954,0.0150608501024,2,Sideways,train
2024-08-19,5608.25,0.0096753274361773,0.0090847216217306,0,Bull,train
2024-08-20,5597.1201171875,-0.0019865272376087,0.0095320241654342,0,Bull,train
2024-08-21,5620.85009765625,0.0042307147210056,0.0081839591088835,0,Bull,train
2024-08-22,5570.64013671875,-0.0089729422566566,0.0078765075381036,0,Bull,train
2024-08-23,5634.60986328125,0.0114179374016636,0.0081652664651715,0,Bull,train
2024-08-26,5616.83984375,-0.0031587101696057,0.0084517201739057,0,Bull,train
2024-08-27,5625.7998046875,0.0015939251127239,0.0074067834470908,0,Bull,train
2024-08-28,5592.18017578125,-0.0059939007947349,0.0079818229445289,0,Bull,train
2024-08-29,5591.9599609375,-3.937984343771461e-05,0.0064210963509516,0,Bull,train
2024-08-30,5648.39990234375,0.0100424570791446,0.0070504819210244,0,Bull,train
2024-09-03,5528.93017578125,-0.021377963372398,0.0095379514967548,0,Bull,train
2024-09-04,5520.06982421875,-0.0016038290273812,0.0095362132045523,0,Bull,train
2024-09-05,5503.41015625,-0.0030225810146742,0.0093352479614741,0,Bull,train
2024-09-06,5408.419921875,-0.0174109445074233,0.0103504983071027,0,Bull,train
2024-09-09,5471.0498046875,0.0115135344358172,0.0103652820044583,0,Bull,train
2024-09-10,5495.52001953125,0.004462699977795,0.010624827656624,0,Bull,train
2024-09-11,5554.1298828125,0.010608555649842,0.0113393406916047,0,Bull,train
2024-09-12,5595.759765625,0.0074673521568033,0.0115154875672276,0,Bull,train
2024-09-13,5626.02001953125,0.0053931422343556,0.0116375638541359,0,Bull,train
2024-09-16,5633.08984375,0.0012558408673104,0.0111682733815961,0,Bull,train
2024-09-17,5634.580078125,0.000264515093896,0.0083701473953641,0,Bull,train
2024-09-18,5618.259765625,-0.0029006587083131,0.0084400963398669,0,Bull,train
2024-09-19,5713.64013671875,0.0168343568927262,0.0094629421522622,0,Bull,train
2024-09-20,5702.5498046875,-0.0019429136300157,0.0063827812374808,0,Bull,train
2024-09-23,5718.56982421875,0.0028053344257124,0.0060241665750517,0,Bull,train
2024-09-24,5732.93017578125,0.0025080311033462,0.0060544366451776,0,Bull,train
2024-09-25,5722.259765625,-0.0018629832062124,0.0058762639183022,0,Bull,train
2024-09-26,5745.3701171875,0.0040305421581994,0.0056820924910847,0,Bull,train
2024-09-27,5738.169921875,-0.0012540029000724,0.0057127627324755,0,Bull,train
2024-09-30,5762.47998046875,0.0042276036584407,0.0057484482315443,0,Bull,train
2024-10-01,5708.75,-0.0093678486944543,0.0068277224958783,0,Bull,train
2024-10-02,5709.5400390625,0.0001383813269875,0.0066857503258317,0,Bull,train
2024-10-03,5699.93994140625,-0.0016828286544594,0.0040432040289891,0,Bull,train
2024-10-04,5751.06982421875,0.0089302556991857,0.0049046471314682,0,Bull,train
2024-10-07,5695.93994140625,-0.0096322638293884,0.005840631285177,0,Bull,train
2024-10-08,5751.1298828125,0.0096427068046942,0.0066187942726406,0,Bull,train
2024-10-09,5792.0400390625,0.0070882310169952,0.0068909081903273,0,Bull,train
2024-10-10,5780.0498046875,-0.0020722685059819,0.0068837998145473,0,Bull,train
2024-10-11,5815.02978515625,0.0060336087072982,0.0070492707407311,0,Bull,train
2024-10-14,5859.85009765625,0.0076781145745936,0.0072872640945427,0,Bull,train
2024-10-15,5815.259765625,-0.0076385660375137,0.0070113782075172,0,Bull,train
2024-10-16,5842.47021484375,0.0046682327827802,0.0070349043646758,0,Bull,train
2024-10-17,5841.47021484375,-0.0001711751285373,0.0069555699927894,0,Bull,train
2024-10-18,5864.669921875,0.0039636869427734,0.0066104053953509,0,Bull,train
2024-10-21,5853.97998046875,-0.0018244327564183,0.0054485905021927,0,Bull,train
2024-10-22,5851.2001953125,-0.0004749666671965,0.0049393172142273,0,Bull,train
2024-10-23,5797.419921875,-0.0092338242676799,0.0056200419346022,0,Bull,train
2024-10-24,5809.85986328125,0.0021434731305571,0.0055976581177372,0,Bull,train
2024-10-25,5808.1201171875,-0.0002994920131857,0.005251392600736,0,Bull,train
2024-10-28,5823.52001953125,0.0026479346267329,0.004625122648625,0,Bull,train
2024-10-29,5832.919921875,0.0016128259449015,0.00394021498909,0,Bull,train
2024-10-30,5813.669921875,-0.0033056916724891,0.0037615054168884,0,Bull,train
2024-10-31,5705.4501953125,-0.0187901349287447,0.0068905078801495,0,Bull,train
2024-11-01,5728.7998046875,0.0040841580045256,0.0069028789914625,0,Bull,train
2024-11-04,5712.68994140625,-0.0028160448131906,0.0069017080189356,0,Bull,train
2024-11-05,5782.759765625,0.0121910310295625,0.0083196259703339,0,Bull,train
2024-11-06,5929.0400390625,0.0249812809571867,0.011181296431003,0,Bull,train
2024-11-07,5973.10009765625,0.0074037541739961,0.0112991080485533,0,Bull,train
2024-11-08,5995.5400390625,0.003749794035718,0.011249292993745,0,Bull,train
2024-11-11,6001.35009765625,0.0009685941909562,0.011270565093227,0,Bull,train
2024-11-12,5983.990234375,-0.0028968514769367,0.0114217987898079,0,Bull,train
2024-11-13,5985.3798828125,0.0002322007641417,0.0112738603074733,0,Bull,train
2024-11-14,5949.169921875,-0.0060681085822444,0.0090517347511248,0,Bull,train
2024-11-15,5870.6201171875,-0.0132914308667935,0.0106069123547994,0,Bull,train
2024-11-18,5893.6201171875,0.0039101597462067,0.0104482723131807,0,Bull,train
2024-11-19,5916.97998046875,0.0039557505205962,0.0099671582746313,0,Bull,train
2024-11-20,5917.10986328125,2.195062133480974e-05,0.0059840208164825,0,Bull,train
2024-11-21,5948.7099609375,0.0053262518442878,0.0057209306920723,0,Bull,train
2024-11-22,5969.33984375,0.0034619595915366,0.0056983604861434,0,Bull,train
2024-11-25,5987.3701171875,0.003015927820126,0.0057905437058988,0,Bull,train
2024-11-26,6021.6298828125,0.0057056971552622,0.0059865494657232,0,Bull,train
2024-11-27,5998.740234375,-0.0038084810835776,0.0061502861305257,0,Bull,train
2024-11-29,6032.3798828125,0.0055921203968019,0.0059262902189987,0,Bull,train
2024-12-02,6047.14990234375,0.0024454638805817,0.0029235560226701,0,Bull,train
2024-12-03,6049.8798828125,0.0004513472420217,0.0030025425273753,0,Bull,train
2024-12-04,6086.490234375,0.0060331816281369,0.0031725325071533,0,Bull,train
2024-12-05,6075.10986328125,-0.0018715258393822,0.0034062796851948,0,Bull,train
2024-12-06,6090.27001953125,0.0024923453675373,0.0032727865116315,0,Bull,train
2024-12-09,6052.85009765625,-0.0061631672852264,0.0041953434553343,0,Bull,train
2024-12-10,6034.91015625,-0.0029682843142797,0.0043610599540202,0,Bull,train
2024-12-11,6084.18994140625,0.0081326264113688,0.0047178909996801,0,Bull,train
2024-12-12,6051.25,-0.005428731461464,0.004925892991452,0,Bull,train
2024-12-13,6051.08984375,-2.646698937169845e-05,0.004639749200333,0,Bull,train
2024-12-16,6074.080078125,0.0037921550087851,0.0047273454912221,0,Bull,train
2024-12-17,6050.60986328125,-0.0038714794806562,0.004920340922085,0,Bull,train
2024-12-18,5872.16015625,-0.0299365053045175,0.0102695287950234,0,Bull,train
2024-12-19,5867.080078125,-0.0008654867505377,0.0102930793783815,0,Bull,train
2024-12-20,5930.85009765625,0.0108104794023979,0.0111316796780136,0,Bull,train
2024-12-23,5974.06982421875,0.0072608495856165,0.0114656857651511,0,Bull,train
2024-12-24,6040.0400390625,0.0109822331651265,0.0120740644940536,0,Bull,train
2024-12-26,6037.58984375,-0.000405741088258,0.0117389802096108,0,Bull,train
2024-12-27,5970.83984375,-0.0111173049649124,0.0121214810458893,0,Bull,train
2024-12-30,5906.93994140625,-0.0107596739417292,0.0124628614445211,0,Bull,train
2024-12-31,5881.6298828125,-0.0042940064589824,0.0122765967589506,0,Bull,train
2025-01-02,5868.5498046875,-0.0022263631494485,0.0122779141951516,0,Bull,train
2025-01-03,5942.47021484375,0.0125173567078249,0.0087963844886369,0,Bull,train
2025-01-06,5975.3798828125,0.0055227664968189,0.008862225012319,0,Bull,train
2025-01-07,5909.02978515625,-0.0111660215166367,0.0091089751877422,0,Bull,train
2025-01-08,5918.25,0.0015591440938305,0.0087497156820042,0,Bull,train
2025-01-10,5827.0400390625,-0.0155316376502323,0.0087531653299769,0,Bull,train
2025-01-13,5836.22021484375,0.0015742043780537,0.0088549998427014,0,Bull,train
2025-01-14,5842.91015625,0.001145623334164,0.0085086538613346,0,Bull,train
2025-01-15,5949.91015625,0.0181471325045166,0.010037587358815,0,Bull,train
2025-01-16,5937.33984375,-0.0021149243408657,0.0099397022615261,0,Bull,train
2025-01-17,5996.66015625,0.0099414783083933,0.0102486197399509,0,Bull,train
2025-01-21,6049.240234375,0.0087300094405957,0.0098869158802845,0,Bull,train
2025-01-22,6086.3701171875,0.0061191810869942,0.0099137594820061,0,Bull,train
2025-01-23,6118.7099609375,0.0052994194595292,0.0088206182663454,0,Bull,train
2025-01-24,6101.240234375,-0.0028592159844667,0.0090359471700442,0,Bull,train
2025-01-27,6012.27978515625,-0.0146880590321121,0.0088451720084952,0,Bull,train
2025-01-28,6067.7001953125,0.0091756441777164,0.0090215332911518,0,Bull,train
2025-01-29,6039.31005859375,-0.0046898760569202,0.0093995602716489,0,Bull,train
2025-01-30,6071.169921875,0.0052615481521804,0.0079030849156032,0,Bull,train
2025-01-31,6040.52978515625,-0.0050596039902668,0.0081258861919285,0,Bull,train
2025-02-03,5994.56982421875,-0.0076376907294957,0.0080515596297752,0,Bull,train
2025-02-04,6037.8798828125,0.0071989074030298,0.0078790758490703,0,Bull,train
2025-02-05,6061.47998046875,0.0039010539156141,0.0077112216848852,0,Bull,train
2025-02-06,6083.56982421875,0.0036376743552661,0.0075914954120037,0,Bull,train
2025-02-07,6025.990234375,-0.0095098456936604,0.0080887793873568,0,Bull,train
2025-02-10,6066.43994140625,0.0066901122954536,0.0068737241297613,0,Bull,train
2025-02-11,6068.5,0.0003395251436746,0.0062289308025395,0,Bull,train
2025-02-12,6051.97021484375,-0.0027275831896478,0.0060937508597026,0,Bull,train
2025-02-13,6115.06982421875,0.0103723132142352,0.0067441555614392,0,Bull,train
2025-02-14,6114.6298828125,-7.194639557361882e-05,0.0064470797988299,0,Bull,train
2025-02-18,6129.580078125,0.0024420036555508,0.0056467611558155,0,Bull,train
2025-02-19,6144.14990234375,0.0023741488668242,0.0053743144380493,0,Bull,train
2025-02-20,6117.52001953125,-0.0043436048842888,0.0056329408895126,0,Bull,train
2025-02-21,6013.1298828125,-0.0172113966725397,0.0079125448021219,0,Bull,train
2025-02-24,5983.25,-0.0049814935662517,0.0075007443228106,0,Bull,train
2025-02-25,5955.25,-0.0046907151383965,0.0071058802247115,0,Bull,train
2025-02-26,5956.06005859375,0.0001360150295841,0.0070992014303442,0,Bull,train
2025-02-27,5861.56982421875,-0.0159917426785245,0.0083975944322252,0,Bull,train
2025-02-28,5954.5,0.0157297804206635,0.0094627867826968,0,Bull,train
2025-03-03,5849.72021484375,-0.0177534026483101,0.0105183265523108,2,Sideways,train
2025-03-04,5778.14990234375,-0.0123102882315055,0.010482029806916,2,Sideways,train
2025-03-05,5842.6298828125,0.0110974725287356,0.0115555370638107,2,Sideways,train
2025-03-06,5738.52001953125,-0.0179796771074549,0.012249035525705,2,Sideways,train
2025-03-07,5770.2001953125,0.005505435045455,0.0121261657735267,2,Sideways,train
2025-03-10,5614.56005859375,-0.0273435417884293,0.0141884419360356,2,Sideways,train
2025-03-11,5572.06982421875,-0.007596646918536,0.0141802088787828,2,Sideways,train
2025-03-12,5599.2998046875,0.0048749679404913,0.0145076236094776,2,Sideways,train
2025-03-13,5521.52001953125,-0.0139883668064655,0.0143702094123121,2,Sideways,train
2025-03-14,5638.93994140625,0.0210429059531982,0.0153282174318792,2,Sideways,train
2025-03-17,5675.1201171875,0.0063956349746057,0.0150738184412099,2,Sideways,train
2025-03-18,5614.66015625,-0.0107106670743206,0.0149725441803798,2,Sideways,train
2025-03-19,5675.2900390625,0.0107406081729539,0.014935934173231,0,Bull,train
2025-03-20,5662.89013671875,-0.0021872835137823,0.0139686074561861,0,Bull,train
2025-03-21,5667.56005859375,0.0008243136078327,0.0137915251429112,0,Bull,train
2025-03-24,5767.56982421875,0.0174921171286381,0.0116908297529037,0,Bull,train
2025-03-25,5776.64990234375,0.001573095490654,0.0111411460978358,0,Bull,train
2025-03-26,5712.2001953125,-0.0112196403575985,0.0120618927495238,0,Bull,train
2025-03-27,5693.31005859375,-0.0033124610071322,0.0109070812237313,0,Bull,train
2025-03-28,5580.93994140625,-0.0199346011268524,0.0110977850198761,0,Bull,train
2025-03-31,5611.85009765625,0.005523240357645,0.0110361502139896,0,Bull,train
2025-04-01,5633.06982421875,0.0037741045552124,0.0105787663649943,0,Bull,train
2025-04-02,5670.97021484375,0.0067056614294838,0.0102079027459563,0,Bull,train
2025-04-03,5396.52001953125,-0.0496059118289959,0.0187429979187301,1,Bear,train
2025-04-04,5074.080078125,-0.0616090618982312,0.0257451076021263,1,Bear,train
2025-04-07,5062.25,-0.0023341946059627,0.0240065957394994,1,Bear,train
2025-04-08,4982.77001953125,-0.0158250832770558,0.02345363235547,1,Bear,train
2025-04-09,5456.89990234375,0.0908948798330371,0.0409107393982553,1,Bear,train
2025-04-10,5268.0498046875,-0.0352206070241116,0.0420305619035508,1,Bear,train
2025-04-11,5363.35986328125,0.0179303808357769,0.0425150318266529,1,Bear,train
2025-04-14,5405.97021484375,0.0079133193263434,0.042581038595464,1,Bear,train
2025-04-15,5396.6298828125,-0.0017292752253013,0.0425086684110483,1,Bear,train
2025-04-16,5275.7001953125,-0.022663253964902,0.0426789288239547,1,Bear,train
2025-04-17,5282.7001953125,0.0013259586237737,0.0400152446079306,1,Bear,train
2025-04-21,5158.2001953125,-0.0238496483340195,0.0352806416963609,1,Bear,train
2025-04-22,5287.759765625,0.0248069521254503,0.0359776656019665,1,Bear,train
2025-04-23,5375.85986328125,0.0165238643668796,0.0354111004627342,1,Bear,train
2025-04-24,5484.77001953125,0.0200566280825835,0.0210815448327853,2,Sideways,train
2025-04-25,5525.2099609375,0.0073460847957012,0.01696006947862,2,Sideways,train
2025-04-28,5528.75,0.0006405015390011,0.0163388559621646,2,Sideways,train
2025-04-29,5560.830078125,0.0057856415455574,0.016282056407436,2,Sideways,train
2025-04-30,5569.06005859375,0.0014788972519319,0.0162138273664989,2,Sideways,train
2025-05-01,5604.14013671875,0.006279345716452,0.0134411272313295,0,Bull,train
2025-05-02,5686.669921875,0.014619191109114,0.0135798044251388,0,Bull,train
2025-05-05,5650.3798828125,-0.0064020470293186,0.0096856395248281,0,Bull,train
2025-05-06,5606.91015625,-0.0077229852783915,0.0092836057311214,0,Bull,train
2025-05-07,5631.27978515625,0.004336938106709,0.0084946394861472,0,Bull,train
2025-05-08,5663.93994140625,0.0057830211474669,0.0066059109428287,0,Bull,train
2025-05-09,5659.91015625,-0.0007117341348763,0.0065370257331279,0,Bull,train
2025-05-12,5844.18994140625,0.0320399766770194,0.0113572743271528,0,Bull,train
2025-05-13,5886.5498046875,0.0072220590202469,0.0113696818959961,0,Bull,train
2025-05-14,5892.580078125,0.0010238912422764,0.011389310493251,0,Bull,train
2025-05-15,5916.93017578125,0.0041238174387565,0.0113964035512974,0,Bull,train
2025-05-16,5958.3798828125,0.0069808493680998,0.0109597755817565,0,Bull,train
2025-05-19,5963.60009765625,0.000875729566049,0.0103687454605251,0,Bull,train
2025-05-20,5940.4599609375,-0.0038877770695719,0.0098894684329762,0,Bull,train
2025-05-21,5844.60986328125,-0.0162667192677599,0.0121183244828297,0,Bull,train
2025-05-22,5842.009765625,-0.0004449700224213,0.0121603873882227,0,Bull,train
2025-05-23,5802.81982421875,-0.0067308995914725,0.0125136165952271,0,Bull,train
2025-05-27,5921.5400390625,0.0202525808021842,0.0096483392719052,0,Bull,train
2025-05-28,5888.5498046875,-0.0055868025764453,0.0096271907186709,0,Bull,train
2025-05-29,5912.169921875,0.0040031708706322,0.0097069975392544,0,Bull,train
2025-05-30,5911.68994140625,-8.118845699556232e-05,0.0096151269164276,0,Bull,train
2025-06-02,5935.93994140625,0.004093651490626,0.0094206422129746,0,Bull,train
2025-06-03,5970.3701171875,0.0057835335353697,0.0096189272342549,0,Bull,train
2025-06-04,5970.81005859375,7.368474471824982e-05,0.0095168635842251,0,Bull,train
2025-06-05,5939.2998046875,-0.005291357978697,0.0078549100774476,0,Bull,train
2025-06-06,6000.35986328125,0.010228196215376,0.0082597841771599,0,Bull,train
2025-06-09,6005.8798828125,0.0009195251863918,0.0076214789061668,0,Bull,train
2025-06-10,6038.81005859375,0.0054680125416464,0.0049705720599152,0,Bull,train
2025-06-11,6022.240234375,-0.0027476603182865,0.0045552792713126,0,Bull,train
2025-06-12,6045.259765625,0.0038151330716758,0.0045475967295933,0,Bull,train
2025-06-13,5976.97021484375,-0.0113606685901022,0.0062599339126938,0,Bull,train
2025-06-16,6033.10986328125,0.0093488231481888,0.0067414082823338,0,Bull,train
2025-06-17,5982.72021484375,-0.0083872597236442,0.007240732467362,0,Bull,train
2025-06-18,5980.8701171875,-0.0003092880347193,0.0072425264158973,0,Bull,train
2025-06-20,5967.83984375,-0.0021810352155888,0.0070461298797836,0,Bull,train
2025-06-23,6025.169921875,0.0095606550712599,0.0069459587918775,0,Bull,train
2025-06-24,6092.18017578125,0.0110603286169581,0.0077247809967418,0,Bull,train
2025-06-25,6092.16015625,-3.286108348987682e-06,0.007599483606279,0,Bull,train
2025-06-26,6141.02001953125,0.0079881310325173,0.007786158575846,0,Bull,train
2025-06-27,6173.06982421875,0.00520539925615,0.0078353560460986,0,Bull,train
2025-06-30,6204.9501953125,0.0051511375061288,0.0062685223574249,0,Bull,train
2025-07-01,6198.009765625,-0.0011191571098798,0.006100221844753,0,Bull,train
2025-07-02,6227.419921875,0.0047338743064901,0.0047022153965675,0,Bull,train
2025-07-03,6279.35009765625,0.0083043782106653,0.0046114132245758,0,Bull,train
2025-07-07,6229.97998046875,-0.007893368104245,0.005786095081173,0,Bull,train
2025-07-08,6225.52001953125,-0.0007161432504698,0.0056589313451423,0,Bull,train
2025-07-09,6263.259765625,0.0060438027767801,0.0050849568570308,0,Bull,train
2025-07-10,6280.4599609375,0.0027424410729253,0.0049918788587816,0,Bull,train
2025-07-11,6259.75,-0.0033029717732251,0.005026170720743,0,Bull,train
2025-07-14,6268.56005859375,0.0014064243309359,0.0048916001545326,0,Bull,train
2025-07-15,6243.759765625,-0.0039641450656713,0.0049911681885321,0,Bull,train
2025-07-16,6263.7001953125,0.0031885685253829,0.0050099101239449,0,Bull,train
2025-07-17,6297.35986328125,0.0053593802400122,0.0050645624519146,0,Bull,train
2025-07-18,6296.7900390625,-9.049030280827708e-05,0.0043918818946684,0,Bull,train
2025-07-21,6305.60009765625,0.0013981570056724,0.0033243206856545,0,Bull,train
2025-07-22,6309.6201171875,0.0006373284966674,0.0032643559236565,0,Bull,train
2025-07-23,6358.91015625,0.007781532145703,0.003574032174894,0,Bull,train
2025-07-24,6363.35009765625,0.0006979799969322,0.0035544780378618,0,Bull,train
2025-07-25,6388.64013671875,0.0039664510016805,0.0032349565817923,0,Bull,train
2025-07-28,6389.77001953125,0.0001768424712675,0.0032846210823183,0,Bull,train
2025-07-29,6370.85986328125,-0.0029638301974674,0.0030954603731313,0,Bull,train
2025-07-30,6362.89990234375,-0.0012502139385102,0.0032240874375324,0,Bull,train
2025-07-31,6339.39013671875,-0.0037016620463745,0.003313226599151,0,Bull,train
2025-08-01,6238.009765625,-0.0161213871855689,0.0062744367954767,0,Bull,train
2025-08-04,6329.93994140625,0.0146295644914147,0.0079839997255208,0,Bull,train
2025-08-05,6299.18994140625,-0.0048697037804625,0.0081528225220033,0,Bull,train
2025-08-06,6345.06005859375,0.0072555222198538,0.0080973608744005,0,Bull,train
2025-08-07,6340.0,-0.0007977981718276,0.0080923733559136,0,Bull,train
2025-08-08,6389.4501953125,0.0077694548163886,0.0084021168074505,0,Bull,train
2025-08-11,6373.4501953125,-0.0025072683938844,0.008439081315286,0,Bull,train
2025-08-12,6445.759765625,0.0112815590751704,0.0091070487059726,0,Bull,train
2025-08-13,6466.580078125,0.0032248733840454,0.0090848967084247,0,Bull,train
2025-08-14,6468.5400390625,0.0003030448785548,0.0089110303749168,0,Bull,train
2025-08-15,6449.7998046875,-0.0029013399163648,0.0066028262349245,0,Bull,train
2025-08-18,6449.14990234375,-0.0001007682577363,0.0053231836343433,0,Bull,train
2025-08-19,6411.3701171875,-0.0058753291122073,0.0054719833014534,0,Bull,train
2025-08-20,6395.77978515625,-0.0024346306322637,0.0052449801228806,0,Bull,train
2025-08-21,6370.169921875,-0.0040122197289509,0.0054480887357468,0,Bull,train
2025-08-22,6466.91015625,0.0150722851587783,0.0068449283743611,0,Bull,train
2025-08-25,6439.31982421875,-0.004275512539646,0.0069731220920594,0,Bull,train
2025-08-26,6465.93994140625,0.0041254737101166,0.0061188289347014,0,Bull,train
2025-08-27,6481.39990234375,0.0023881304533031,0.006080177845736,0,Bull,train
2025-08-28,6501.85986328125,0.0031517474414659,0.0061503659913042,0,Bull,train
2025-08-29,6460.259765625,-0.0064187404027915,0.0064601567460131,0,Bull,train
2025-09-02,6415.5400390625,-0.0069463500610318,0.0068424866996657,0,Bull,test
2025-09-03,6448.259765625,0.0050871123029416,0.0067673595383956,0,Bull,test
2025-09-04,6502.080078125,0.008311847102874,0.007082481906224,0,Bull,test
2025-09-05,6481.5,-0.003170172669936,0.0070123629735708,0,Bull,test
2025-09-08,6495.14990234375,0.0021037644508883,0.0052486078011968,0,Bull,test
2025-09-09,6512.60986328125,0.0026845470300731,0.0050105231906667,0,Bull,test
2025-09-10,6532.0400390625,0.0029790282293973,0.0049471279325646,0,Bull,test
2025-09-11,6587.47021484375,0.0084500876230944,0.0054768363280006,0,Bull,test
2025-09-12,6584.2900390625,-0.0004828778814278,0.0054847294605344,0,Bull,test
2025-09-15,6615.27978515625,0.0046955777265598,0.0048446023596386,0,Bull,test
2025-09-16,6606.759765625,-0.0012887604333311,0.003867365589003,0,Bull,test
2025-09-17,6600.35009765625,-0.0009706390782451,0.0039663285627908,0,Bull,test
2025-09-18,6631.9599609375,0.0047776878367074,0.0035048265042386,0,Bull,test
2025-09-19,6664.35986328125,0.0048735239374817,0.00309061981859,0,Bull,test
2025-09-22,6693.75,0.0044003507147625,0.0031197954291534,0,Bull,test
2025-09-23,6656.919921875,-0.0055173518287396,0.0041299878390487,0,Bull,test
2025-09-24,6637.97021484375,-0.0028506771652949,0.0044085509854061,0,Bull,test
2025-09-25,6604.72021484375,-0.0050216487425274,0.0041355619831623,0,Bull,test
2025-09-26,6643.7001953125,0.0058844891304143,0.0044837384279344,0,Bull,test
2025-09-29,6661.2099609375,0.0026320772599124,0.0043345622590562,0,Bull,test
2025-09-30,6688.4599609375,0.0040825036135085,0.0043942379404992,0,Bull,test
2025-10-01,6711.2001953125,0.0033941541712234,0.0043681677652108,0,Bull,test
2025-10-02,6715.35009765625,0.0006181636213824,0.004234896475604,0,Bull,test
2025-10-03,6715.7900390625,6.551065686721813e-05,0.0040464837655953,0,Bull,test
2025-10-06,6740.27978515625,0.0036399592827613,0.0039772099116394,0,Bull,test
2025-10-07,6714.58984375,-0.0038186877068522,0.0037097926915043,0,Bull,test
2025-10-08,6753.72021484375,0.0058107484941878,0.0037573194215557,0,Bull,test
2025-10-09,6735.10986328125,-0.0027593739802789,0.0033519601604207,0,Bull,test
2025-10-10,6552.509765625,-0.0274859754398999,0.0096671784459629,0,Bull,test
2025-10-13,6654.72021484375,0.0154782630369343,0.0110188959935353,0,Bull,test
2025-10-14,6644.31005859375,-0.0015655514969434,0.0109251880877618,0,Bull,test
2025-10-15,6671.06005859375,0.004017918503429,0.0109526673722344,0,Bull,test
2025-10-16,6629.06982421875,-0.0063142802751432,0.0110855905145424,0,Bull,test
2025-10-17,6664.009765625,0.0052568739445266,0.0112762023298604,0,Bull,test
2025-10-20,6735.1298828125,0.0106157241361444,0.0117839412764167,0,Bull,test
2025-10-21,6735.35009765625,3.269591641696934e-05,0.011710752796796,0,Bull,test
2025-10-22,6699.39990234375,-0.0053518347747427,0.0116599240755519,0,Bull,test
2025-10-23,6738.43994140625,0.0058104798620135,0.0118144403038564,0,Bull,test
2025-10-24,6791.68994140625,0.0078713619752441,0.0069458127959672,0,Bull,test
2025-10-27,6875.16015625,0.0122151413273794,0.0063784772936959,0,Bull,test
2025-10-28,6890.89013671875,0.0022853305022305,0.0061676097660923,0,Bull,test
2025-10-29,6890.58984375,-4.357920473374577e-05,0.0062730735216552,0,Bull,test
2025-10-30,6822.33984375,-0.0099541914245353,0.0069572065313685,0,Bull,test
2025-10-31,6840.2001953125,0.0026145009178843,0.0069066351893031,0,Bull,test
2025-11-03,6851.97021484375,0.0017192339969174,0.0063077888474399,0,Bull,test
2025-11-04,6771.5498046875,-0.0118062503923273,0.0076317185518109,0,Bull,test
2025-11-05,6796.2900390625,0.0036468976756882,0.0073869342081834,0,Bull,test
2025-11-06,6720.31982421875,-0.0112411345147229,0.0081893929894924,0,Bull,test
2025-11-07,6728.7998046875,0.0012610463474942,0.0077121677603975,0,Bull,test
2025-11-10,6832.43017578125,0.0152836267035016,0.0083296326330343,0,Bull,test
2025-11-11,6846.60986328125,0.0020731999523917,0.0083216680646744,0,Bull,test
2025-11-12,6850.919921875,0.0006293191259452,0.0083297851553153,0,Bull,test
2025-11-13,6737.490234375,-0.0166954516309285,0.0093795944803028,0,Bull,test
2025-11-14,6734.10986328125,-0.000501851471272,0.0092882002249368,0,Bull,test
2025-11-17,6672.41015625,-0.0092044978943039,0.0094992375631747,0,Bull,test
2025-11-18,6617.31982421875,-0.0082907098441697,0.0091827322901489,0,Bull,test
2025-11-19,6642.16015625,0.0037468077372651,0.0091899778433821,0,Bull,test
2025-11-20,6538.759765625,-0.0156897261163155,0.0097611293501135,0,Bull,test
2025-11-21,6602.990234375,0.0097751030415924,0.0104926815861703,0,Bull,test
2025-11-24,6705.1201171875,0.0153488188990813,0.010504549083629,0,Bull,test
2025-11-25,6765.8798828125,0.0090208860008331,0.0110126036082374,0,Bull,test
2025-11-26,6812.60986328125,0.00688296943615,0.0113009372410863,0,Bull,test
2025-11-28,6849.08984375,0.0053404873411366,0.0098620431551058,0,Bull,test
2025-12-01,6812.6298828125,-0.0053375487460556,0.0100946997990875,0,Bull,test
2025-12-02,6829.3701171875,0.0024542211959364,0.0094151389538518,0,Bull,test
2025-12-03,6849.72021484375,0.002975360521086,0.0086463728009239,0,Bull,test
2025-12-04,6857.1201171875,0.001079738711974,0.0086773386338549,0,Bull,test
2025-12-05,6870.39990234375,0.0019347688846789,0.0056951272314959,0,Bull,test
2025-12-08,6846.509765625,-0.003483315331648,0.0059824194434904,0,Bull,test
2025-12-09,6840.509765625,-0.0008767431610134,0.0044532869112859,0,Bull,test
2025-12-10,6886.68017578125,0.0067268806591407,0.0040961497333086,0,Bull,test
2025-12-11,6901.0,0.0020771919837176,0.0036915110962358,0,Bull,test
2025-12-12,6827.41015625,-0.0107209134585559,0.0049963903302481,0,Bull,test
2025-12-15,6816.509765625,-0.0015978388918362,0.0047106452835038,0,Bull,test
2025-12-16,6800.259765625,-0.00238676400844,0.0046855899892325,0,Bull,test
2025-12-17,6721.43017578125,-0.0116598566113701,0.0056839936210231,0,Bull,test
2025-12-18,6774.759765625,0.007902951520478,0.0064395162774466,0,Bull,test
2025-12-19,6834.5,0.0087794074218301,0.0071367414972808,0,Bull,test
2025-12-22,6878.490234375,0.0064158705755605,0.0073635785452049,0,Bull,test
2025-12-23,6909.7900390625,0.0045400670467898,0.0074525258895362,0,Bull,test
2025-12-24,6932.0498046875,0.0032163043447006,0.0072326249092384,0,Bull,test
2025-12-26,6929.93994140625,-0.0003044098771098,0.0072198509016214,0,Bull,test
2025-12-29,6905.740234375,-0.0034981629239361,0.0062820148035114,0,Bull,test
2025-12-30,6896.240234375,-0.0013766142506543,0.006271680144432,0,Bull,test
2025-12-31,6845.5,-0.0073848674342489,0.0067656949185211,0,Bull,test
2026-01-02,6858.47021484375,0.0018929140261167,0.0051989519676103,0,Bull,test
2026-01-05,6902.0498046875,0.0063340245110516,0.0050223086753863,0,Bull,test
2026-01-06,6944.81982421875,0.0061775920038922,0.0046798181332107,0,Bull,test
2026-01-07,6920.93017578125,-0.0034458535710086,0.0045907398666568,0,Bull,test
2026-01-08,6921.4599609375,7.654532942247272e-05,0.0043788176923457,0,Bull,test
2026-01-09,6966.27978515625,0.0064546111383201,0.0047345329131889,0,Bull,test
2026-01-12,6977.27001953125,0.0015763900591814,0.0047367116536947,0,Bull,test
2026-01-13,6963.740234375,-0.0019410055882076,0.0046079163490319,0,Bull,test
2026-01-14,6926.60009765625,-0.0053476335841349,0.0049762074812325,0,Bull,test
2026-01-15,6944.47021484375,0.0025766039204437,0.0041672228023294,0,Bull,test
2026-01-16,6940.009765625,-0.0006425086684505,0.0042131718974976,0,Bull,test
2026-01-20,6796.85986328125,-0.0208424609532613,0.0077776605654421,0,Bull,test
2026-01-21,6875.6201171875,0.0115211176335598,0.0085150787220208,0,Bull,test
2026-01-22,6913.35009765625,0.0054725007079028,0.0086957318401961,0,Bull,test
2026-01-23,6915.60986328125,0.0003268164274814,0.0086966871583587,0,Bull,test
2026-01-26,6950.22998046875,0.0049935942601599,0.0085861953244121,0,Bull,test
2026-01-27,6978.60009765625,0.0040735878404412,0.0086803882665396,0,Bull,test
2026-01-28,6978.02978515625,-8.172639170034302e-05,0.0086536111186395,0,Bull,test
2026-01-29,6969.009765625,-0.001293467442462,0.008457311073888,0,Bull,test
2026-01-30,6939.02978515625,-0.0043111794144579,0.0085592503860169,0,Bull,test
2026-02-02,6976.43994140625,0.0053767852773631,0.0087252138626342,0,Bull,test
2026-02-03,6917.81005859375,-0.0084394955906628,0.0057116883203675,0,Bull,test
2026-02-04,6882.72021484375,-0.0050853001550148,0.0049186700646215,0,Bull,test
2026-02-05,6798.39990234375,-0.0123266778538315,0.0058853079376841,0,Bull,test
2026-02-06,6932.2998046875,0.0195043442822004,0.0089416422108418,0,Bull,test
2026-02-09,6964.81982421875,0.0046801178601221,0.0089236608482475,0,Bull,test
2026-02-10,6941.81005859375,-0.003309182284509,0.0088737306642667,0,Bull,test
2026-02-11,6941.47021484375,-4.895726995002292e-05,0.0088739200621952,0,Bull,test
2026-02-12,6832.759765625,-0.0157849413861175,0.0101104147142458,0,Bull,test
2026-02-13,6836.169921875,0.0004989646444464,0.0101013095155073,0,Bull,test
2026-02-17,6843.22021484375,0.0010307906306561,0.009863575604328,0,Bull,test
2026-02-18,6881.31005859375,0.0055506368211357,0.0098294913962696,0,Bull,test
2026-02-19,6861.89013671875,-0.0028261153915352,0.0097386782066828,0,Bull,test
2026-02-20,6909.509765625,0.0069157557021739,0.0089696716402989,0,Bull,test
2026-02-23,6837.75,-0.010439959471455,0.0071499041007204,0,Bull,test
2026-02-24,6890.06982421875,0.007622488962383,0.0074796367239089,0,Bull,test
2026-02-25,6946.1298828125,0.0081034339701293,0.0079569988342765,0,Bull,test
2026-02-26,6908.85986328125,-0.0053800269955672,0.0081417171678913,0,Bull,test
2026-02-27,6878.8798828125,-0.0043487951280365,0.0063598360044787,0,Bull,test
2026-03-02,6881.6201171875,0.0003982754131346,0.0063602213499356,0,Bull,test
2026-03-03,6816.6298828125,-0.0094889087313116,0.0071174583297584,0,Bull,test
2026-03-04,6869.5,0.0077261257401488,0.0073486810718661,0,Bull,test
2026-03-05,6830.7099609375,-0.0056627077727036,0.0075153785244062,0,Bull,test
2026-03-06,6740.02001953125,-0.0133657204324961,0.0080245148554363,0,Bull,test
2026-03-09,6795.990234375,0.008269871665389,0.0081435898275302,0,Bull,test
2026-03-10,6781.47998046875,-0.0021374025058875,0.0076146449063484,0,Bull,test
2026-03-11,6775.7998046875,-0.0008379521856358,0.0068351926264903,0,Bull,test
2026-03-12,6672.6201171875,-0.0153448081894929,0.0079413676469547,0,Bull,test
2026-03-13,6632.18994140625,-0.0060775463985027,0.0079811181583013,0,Bull,test
2026-03-16,6699.3798828125,0.0100799097468193,0.0090435546790482,0,Bull,test
2026-03-17,6716.08984375,0.0024911493849533,0.0088329816115584,0,Bull,test
2026-03-18,6624.7001953125,-0.0137009993837313,0.0089481766986163,0,Bull,test
2026-03-19,6606.490234375,-0.0027525826238985,0.0089219569675646,0,Bull,test
2026-03-20,6506.47998046875,-0.0152539343077702,0.0091741854217987,0,Bull,test
2026-03-23,6581.0,0.0113881090950727,0.0096598223074774,0,Bull,test
2026-03-24,6556.3701171875,-0.00374959545932,0.0096532978458079,0,Bull,test
2026-03-25,6591.89990234375,0.0054044937599488,0.0100301313831341,0,Bull,test
2026-03-26,6477.16015625,-0.0175594409612092,0.0103581675144179,0,Bull,test
2026-03-27,6368.85009765625,-0.0168632319460506,0.0112412484440359,0,Bull,test
2026-03-30,6343.72021484375,-0.003953553833357,0.0100989927450321,0,Bull,test
2026-03-31,6528.52001953125,0.0287148933098002,0.0147330941327025,0,Bull,test
2026-04-01,6575.31982421875,0.0071429450037587,0.0144971962748935,0,Bull,test
2026-04-02,6582.68994140625,0.0011202481362371,0.0144894286613296,0,Bull,test
2026-04-06,6611.830078125,0.0044170131316043,0.0135475439203291,0,Bull,test
2026-04-07,6616.85009765625,0.0007589600331279,0.0131045261515142,0,Bull,test
2026-04-08,6782.81005859375,0.0247720383571845,0.0150289107898732,0,Bull,test
2026-04-09,6824.66015625,0.0061510668695135,0.0150418486093886,0,Bull,test
2026-04-10,6816.89013671875,-0.0011391696991402,0.0132847294659825,0,Bull,test
2026-04-13,6886.240234375,0.0101218754937413,0.0108408601387378,0,Bull,test
2026-04-14,6967.3798828125,0.0117139889161439,0.0100554638782486,0,Bull,test
2026-04-15,7022.9501953125,0.0079441449115655,0.0074160769395387,0,Bull,test
2026-04-16,7041.27978515625,0.0026065558152854,0.0075640411494526,0,Bull,test
2026-04-17,7126.06005859375,0.011968553928737,0.0074282167195936,0,Bull,test
2026-04-20,7109.14013671875,-0.0023771959102507,0.0080685062378299,0,Bull,test
2026-04-21,7064.009765625,-0.006368453580853,0.008970231562159,0,Bull,test
2026-04-22,7137.89990234375,0.0104057560115364,0.0065495070188919,0,Bull,test
2026-04-23,7108.39990234375,-0.0041414321709396,0.0071478511554121,0,Bull,test
2026-04-24,7165.080078125,0.0079420679176323,0.0069870807237382,0,Bull,test
2026-04-27,7173.91015625,0.0012316180005509,0.0068240562377001,0,Bull,test
2026-04-28,7138.7998046875,-0.0049061878687961,0.0067854252419435,0,Bull,test
2026-04-29,7135.9501953125,-0.0003992517435129,0.0065406817686409,0,Bull,test
2026-04-30,7209.009765625,0.0101861841681056,0.0070871287748566,0,Bull,test
2026-05-01,7230.1201171875,0.0029240496865217,0.0062517069016625,0,Bull,test
2026-05-04,7200.75,-0.0040704624878422,0.006388313561131,0,Bull,test
2026-05-05,7259.22021484375,0.0080872273805763,0.0060939545825026,0,Bull,test
2026-05-06,7365.1201171875,0.0144829443277458,0.0067643808511533,0,Bull,test
2026-05-07,7337.10986328125,-0.0038103454826785,0.006725514507318,0,Bull,test
2026-05-08,7398.93017578125,0.0083904054290329,0.0067622784772195,0,Bull,test
2026-05-11,7412.83984375,0.0018781917406744,0.0067443104538401,0,Bull,test
2026-05-12,7400.9599609375,-0.0016038944114082,0.0063695835269025,0,Bull,test
2026-05-13,7444.25,0.0058322060629958,0.0062376001616158,0,Bull,test
2026-05-14,7501.240234375,0.0076264491437392,0.0060145344888379,0,Bull,test
2026-05-15,7408.5,-0.0124403817877301,0.0079602112148365,0,Bull,test
2026-05-18,7403.0498046875,-0.000735938592566,0.0077236409741882,0,Bull,test
2026-05-19,7353.60986328125,-0.0067007205566707,0.0080032303883693,0,Bull,test
2026-05-20,7432.97021484375,0.0107342080663261,0.0073802547048569,0,Bull,test
2026-05-21,7445.72021484375,0.001713860931666,0.0071914203782903,0,Bull,test
2026-05-22,7473.47021484375,0.0037200452843411,0.0068348206978909,0,Bull,test
2026-05-26,7519.1201171875,0.0060896806231465,0.0070219710200352,0,Bull,test
2026-05-27,7520.35986328125,0.0001648655536197,0.0069592360973122,0,Bull,test
2026-05-28,7563.6298828125,0.0057372272122169,0.0069528808056054,0,Bull,test
2026-05-29,7580.06005859375,0.0021699047314864,0.0066333609018464,0,Bull,test
2026-06-01,7599.9599609375,0.0026218560604913,0.0046421840551351,0,Bull,test
2026-06-02,7609.77978515625,0.0012912549125889,0.0045254695689811,0,Bull,test
2026-06-03,7553.68017578125,-0.0073993488920685,0.0046900500250598,0,Bull,test
2026-06-04,7584.31005859375,0.0040467623691871,0.0038086590756398,0,Bull,test
2026-06-05,7383.740234375,-0.0268013303153598,0.0098858281795156,0,Bull,test
2026-06-08,7405.72998046875,0.0029737052076601,0.009850364510451,0,Bull,test
2026-06-09,7386.64990234375,-0.0025797185926208,0.0095425032235745,0,Bull,test
2026-06-10,7266.990234375,-0.016332095868206,0.0105429460429574,0,Bull,test
2026-06-11,7394.2998046875,0.0173671989134636,0.0121804833552826,0,Bull,test
2026-06-12,7431.4599609375,0.0050129281271615,0.012327766746136,0,Bull,test
2026-06-15,7554.2900390625,0.0163932841385818,0.0136022727931306,0,Bull,test
2026-06-16,7511.35009765625,-0.0057003960392734,0.0136736041101296,0,Bull,test
2026-06-17,7420.10009765625,-0.0122226756033594,0.0139939075728278,0,Bull,test
2026-06-18,7500.580078125,0.010787813962926,0.0144605852537404,0,Bull,test
2026-06-22,7472.7900390625,-0.0037119326849772,0.0114280174418882,0,Bull,test
2026-06-23,7365.4599609375,-0.0144669283860974,0.0124152407251226,0,Bull,test
2026-06-24,7358.22021484375,-0.0009834153677328,0.012396423926257,0,Bull,test
2026-06-25,7357.490234375,-9.921104004639858e-05,0.011067887879346,0,Bull,test
2026-06-26,7354.02001953125,-0.0004717686829192,0.0095068440779763,0,Bull,test
2026-06-29,7440.43017578125,0.0116815613593459,0.0101521116387706,0,Bull,test
2026-06-30,7499.35986328125,0.0078889988381476,0.0089187965382862,0,Bull,test
2026-07-01,7483.22998046875,-0.002153150985551,0.0087684102235126,0,Bull,test
2026-07-02,7483.240234375,1.3702504482182576e-06,0.0077229700724352,0,Bull,test
2026-07-06,7537.43017578125,0.0072154138304441,0.0072821051082266,0,Bull,test
2026-07-07,7503.85009765625,-0.0044650632531855,0.0073341009250583,0,Bull,test
2026-07-08,7482.7099609375,-0.0028212145626138,0.0053701382498159,0,Bull,test
2026-07-09,7543.64013671875,0.0081098216571575,0.005650526269487,0,Bull,test
2026-07-10,7575.39013671875,0.0042000109925712,0.0055950295743592,0,Bull,test
2026-07-13,7515.33984375,-0.0079586090280425,0.0065230614085696,0,Bull,test
2026-07-14,7543.58984375,0.0037519310768825,0.0056636894996078,0,Bull,test
2026-07-15,7572.39990234375,0.003811869942055,0.0052763220878329,0,Bull,test
2026-07-16,7533.77001953125,-0.0051144621327665,0.0055471847802984,0,Bull,test
2026-07-17,7457.68994140625,-0.0101498761921128,0.0065262060006991,0,Bull,test
2026-07-20,7443.27978515625,-0.0019341238867802,0.0059663026739576,0,Bull,test
2026-07-21,7509.2001953125,0.0088173784322123,0.0066158837282398,0,Bull,test
2026-07-22,7498.9599609375,-0.001364622426399,0.0065609315390351,0,Bull,test
2026-07-23,7408.2998046875,-0.0121633721312761,0.006970464532561,0,Bull,test
2026-07-24,7411.97998046875,0.0004966405371877,0.0067091345276187,0,Bull,test
2026-07-27,7413.18017578125,0.0001619133017758,0.0064171825789234,0,Bull,test
2026-07-28,7428.77978515625,0.0021020963754594,0.0062908712601322,0,Bull,test
2026-07-29,7316.14990234375,-0.0152773971570727,0.0073033578229264,0,Bull,test
2026-07-30,7437.6298828125,0.0164680139770556,0.0095864931815405,0,Bull,test
2026-07-31,7489.72021484375,0.0069792083833792,0.0093538787891228,0,Bull,test
2026-08-03,7600.5,0.0146825922639965,0.010314168360324,0,Bull,test
2026-08-04,7736.52001953125,0.0177379420151861,0.011299346441817,0,Bull,test
2026-08-05,7723.5498046875,-0.0016778990048802,0.0113131633115336,0,Bull,test
2026-08-06,7709.9599609375,-0.001761083184407,0.0101916536790036,0,Bull,test
2026-08-07,7757.64013671875,0.0061651874247115,0.0101331647153245,0,Bull,test
2026-08-10,7753.10986328125,-0.0005841462941909,0.0101718006698157,0,Bull,test
2026-08-11,7728.2001953125,-0.0032180337931322,0.0104456338809552,0,Bull,test
2026-08-12,7748.5,0.0026232744800278,0.0080413784081551,0,Bull,test
2026-08-13,7798.990234375,0.0064949919385863,0.0071300424161411,0,Bull,test
2026-08-14,7785.759765625,-0.0016978741305937,0.0073523502186614,0,Bull,test
2026-08-17,7745.06005859375,-0.0052411657156081,0.0067755924391953,0,Bull,test
2026-08-18,7691.759765625,-0.0069056328168422,0.0044517580707648,0,Bull,test
2026-08-19,7707.97998046875,0.0021065577872612,0.0045085739395441,0,Bull,test
2026-08-20,7641.16015625,-0.0087067087458088,0.0052495840379916,0,Bull,test
2026-08-21,7674.3701171875,0.0043367761213097,0.0050023235081749,0,Bull,test
2026-08-24,7652.85986328125,-0.0028068043678342,0.0050272004510403,0,Bull,test
2026-08-25,7677.27978515625,0.0031858734610068,0.0051620046460638,0,Bull,test
2026-08-26,7675.7001953125,-0.0002057698051238,0.00503804030858,0,Bull,test
2026-08-27,7730.990234375,0.0071774371884671,0.0051533073078673,0,Bull,test
2026-08-28,7711.759765625,-0.0024905510599211,0.0051734157698423,0,Bull,test
2026-08-31,7686.14013671875,-0.0033276813994422,0.0050306872757479,0,Bull,test
